,File,Subject,Time,Date,Type,Message,Value,SessionNum,PhaseNum,Trial,TrialStart,TrialTime,RawTrialTime,LRSoffset
0,REX_20251026084543.txt,Rex,15.3199996575713,2025-10-26,Game,Version,2.7.3,1,2,-1,15.3199996575713,0.0,0.0,0.0
1,REX_20251026084543.txt,Rex,15.3199996575713,2025-10-26,Game,Fixed Timestep Precise,0.004,1,2,-1,15.3199996575713,0.0,0.0,0.0
2,REX_20251026084543.txt,Rex,15.3199996575713,2025-10-26,Game,Fixed Timestep Slow,0.02,1,2,-1,15.3199996575713,0.0,0.0,0.0
3,REX_20251026084543.txt,Rex,15.3199996575713,2025-10-26,Session,Animal,REX,1,2,-1,15.3199996575713,0.0,0.0,0.0
4,REX_20251026084543.txt,Rex,15.3199996575713,2025-10-26,Session,Presession Notes,ank in water pen,1,2,-1,15.3199996575713,0.0,0.0,0.0
5,REX_20251026084543.txt,Rex,15.3199996575713,2025-10-26,Session,LRS Duration,1.5,1,2,-1,15.3199996575713,0.0,0.0,0.0
6,REX_20251026084543.txt,Rex,15.3199996575713,2025-10-26,Session,Target Width,0.25,1,2,-1,15.3199996575713,0.0,0.0,0.0
7,REX_20251026084543.txt,Rex,15.3199996575713,2025-10-26,Session,Phase,2,1,2,-1,15.3199996575713,0.0,0.0,0.0
8,REX_20251026084543.txt,Rex,15.3199996575713,2025-10-26,Session,Session Start,2025-10-26 08:45:43.157,1,2,-1,15.3199996575713,0.0,0.0,0.0
9,REX_20251026084543.txt,Rex,18.1799995936453,2025-10-26,Trial,Trial 1 started,2025-10-26 08:45:45.948,1,2,0,18.1799995936453,0.0,0.0,0.0
10,REX_20251026084543.txt,Rex,18.1799995936453,2025-10-26,Trial Param,Level,1,1,2,0,18.1799995936453,0.0,0.0,0.0
11,REX_20251026084543.txt,Rex,18.1799995936453,2025-10-26,Trial Param,Wheel Tempo,0.0373,1,2,0,18.1799995936453,0.0,0.0,0.0
12,REX_20251026084543.txt,Rex,18.1799995936453,2025-10-26,Trial Param,Event List,"1, 1, 1, 1, 1, 1, 1, 1, 1, 1, 1, 1, 1, 1, 1, 1, 1, 1, 1, 1, 1, 1, 1, 1, 1, 1, 1, 1, 1, 1, 1, 1, 1, 1, 1, 1",1,2,0,18.1799995936453,0.0,0.0,0.0
13,REX_20251026084543.txt,Rex,18.1799995936453,2025-10-26,Trial Param,Max Beats,20,1,2,0,18.1799995936453,0.0,0.0,0.0
14,REX_20251026084543.txt,Rex,18.1799995936453,2025-10-26,Trial Param,Target Score,2,1,2,0,18.1799995936453,0.0,0.0,0.0
15,REX_20251026084543.txt,Rex,18.1799995936453,2025-10-26,Trial Param,Safe Zone Size,6,1,2,0,18.1799995936453,0.0,0.0,0.0
16,REX_20251026084543.txt,Rex,18.1799995936453,2025-10-26,Trial Param,Beat Zone Size,4,1,2,0,18.1799995936453,0.0,0.0,0.0
17,REX_20251026084543.txt,Rex,18.307999599725,2025-10-26,Beat,Beat safe window start,,1,2,0,18.1799995936453,0.1280000060797022,0.1280000060797022,0.0
18,REX_20251026084543.txt,Rex,18.3839996033348,2025-10-26,Beat,Beat zone start,,1,2,0,18.1799995936453,0.20400000968950138,0.20400000968950138,0.0
19,REX_20251026084543.txt,Rex,18.5479996111244,2025-10-26,Beat,Beat tick,,1,2,0,18.1799995936453,0.36800001747910116,0.36800001747910116,0.0
20,REX_20251026084543.txt,Rex,18.5679996120743,2025-10-26,Response,Hit,,1,2,0,18.1799995936453,0.38800001842900045,0.38800001842900045,0.0
21,REX_20251026084543.txt,Rex,18.7239996194839,2025-10-26,Beat,Beat zone end,,1,2,0,18.1799995936453,0.5440000258386029,0.5440000258386029,0.0
22,REX_20251026084543.txt,Rex,18.7999996230938,2025-10-26,Beat,Beat safe window end,,1,2,0,18.1799995936453,0.6200000294485015,0.6200000294485015,0.0
23,REX_20251026084543.txt,Rex,18.9039996280335,2025-10-26,Response,Miss,,1,2,0,18.1799995936453,0.7240000343882009,0.7240000343882009,0.0
24,REX_20251026084543.txt,Rex,19.0519996350631,2025-10-26,Beat,Beat safe window start,,1,2,0,18.1799995936453,0.8720000414178024,0.8720000414178024,0.0
25,REX_20251026084543.txt,Rex,19.1279996386729,2025-10-26,Beat,Beat zone start,,1,2,0,18.1799995936453,0.9480000450276016,0.9480000450276016,0.0
26,REX_20251026084543.txt,Rex,19.2399996439926,2025-10-26,Response,Hit,,1,2,0,18.1799995936453,1.060000050347302,1.060000050347302,0.0
27,REX_20251026084543.txt,Rex,19.2919996464625,2025-10-26,Beat,Beat tick,,1,2,0,18.1799995936453,1.1120000528172014,1.1120000528172014,0.0
28,REX_20251026084543.txt,Rex,19.4679996548221,2025-10-26,Beat,Beat zone end,,1,2,0,18.1799995936453,1.2880000611768025,1.2880000611768025,0.0
29,REX_20251026084543.txt,Rex,19.5439996584319,2025-10-26,Beat,Beat safe window end,,1,2,0,18.1799995936453,1.3640000647866017,1.3640000647866017,0.0
30,REX_20251026084543.txt,Rex,19.6719996645115,2025-10-26,Response,Miss,,1,2,0,18.1799995936453,1.492000070866201,1.492000070866201,0.0
31,REX_20251026084543.txt,Rex,19.7999996705912,2025-10-26,Beat,Beat safe window start,,1,2,0,18.1799995936453,1.6200000769458995,1.6200000769458995,0.0
32,REX_20251026084543.txt,Rex,19.871999674011,2025-10-26,Beat,Beat zone start,,1,2,0,18.1799995936453,1.6920000803657018,1.6920000803657018,0.0
33,REX_20251026084543.txt,Rex,20.0399996819906,2025-10-26,Beat,Beat tick,,1,2,0,18.1799995936453,1.860000088345302,1.860000088345302,0.0
34,REX_20251026084543.txt,Rex,20.2159996903501,2025-10-26,Beat,Beat zone end,,1,2,0,18.1799995936453,2.0360000967048,2.0360000967048,0.0
35,REX_20251026084543.txt,Rex,20.28799969377,2025-10-26,Beat,Beat safe window end,,1,2,0,18.1799995936453,2.108000100124702,2.108000100124702,0.0
36,REX_20251026084543.txt,Rex,20.5439997059293,2025-10-26,Beat,Beat safe window start,,1,2,0,18.1799995936453,2.3640001122839998,2.3640001122839998,0.0
37,REX_20251026084543.txt,Rex,20.5839997078292,2025-10-26,Response,Safe,,1,2,0,18.1799995936453,2.4040001141839014,2.4040001141839014,0.0
38,REX_20251026084543.txt,Rex,20.6159997093491,2025-10-26,Beat,Beat zone start,,1,2,0,18.1799995936453,2.436000115703802,2.436000115703802,0.0
39,REX_20251026084543.txt,Rex,20.7839997173287,2025-10-26,Beat,Beat tick,,1,2,0,18.1799995936453,2.6040001236834023,2.6040001236834023,0.0
40,REX_20251026084543.txt,Rex,20.9599997256882,2025-10-26,Beat,Beat zone end,,1,2,0,18.1799995936453,2.7800001320429004,2.7800001320429004,0.0
41,REX_20251026084543.txt,Rex,21.0319997291081,2025-10-26,Beat,Beat safe window end,,1,2,0,18.1799995936453,2.852000135462802,2.852000135462802,0.0
42,REX_20251026084543.txt,Rex,21.2879997412674,2025-10-26,Beat,Beat safe window start,,1,2,0,18.1799995936453,3.1080001476221,3.1080001476221,0.0
43,REX_20251026084543.txt,Rex,21.3639997448772,2025-10-26,Beat,Beat zone start,,1,2,0,18.1799995936453,3.1840001512319027,3.1840001512319027,0.0
44,REX_20251026084543.txt,Rex,21.5279997526668,2025-10-26,Beat,Beat tick,,1,2,0,18.1799995936453,3.3480001590215025,3.3480001590215025,0.0
45,REX_20251026084543.txt,Rex,21.7039997610264,2025-10-26,Beat,Beat zone end,,1,2,0,18.1799995936453,3.5240001673811,3.5240001673811,0.0
46,REX_20251026084543.txt,Rex,21.7799997646362,2025-10-26,Beat,Beat safe window end,,1,2,0,18.1799995936453,3.600000170990903,3.600000170990903,0.0
47,REX_20251026084543.txt,Rex,22.0319997766055,2025-10-26,Beat,Beat safe window start,,1,2,0,18.1799995936453,3.8520001829602,3.8520001829602,0.0
48,REX_20251026084543.txt,Rex,22.1079997802153,2025-10-26,Beat,Beat zone start,,1,2,0,18.1799995936453,3.928000186570003,3.928000186570003,0.0
49,REX_20251026084543.txt,Rex,22.1559997824952,2025-10-26,Response,Hit,,1,2,0,18.1799995936453,3.976000188849902,3.976000188849902,0.0
50,REX_20251026084543.txt,Rex,22.2719997880049,2025-10-26,Beat,Beat tick,,1,2,0,18.1799995936453,4.092000194359603,4.092000194359603,0.0
51,REX_20251026084543.txt,Rex,22.4479997963645,2025-10-26,Beat,Beat zone end,,1,2,0,18.1799995936453,4.2680002027192,4.2680002027192,0.0
52,REX_20251026084543.txt,Rex,22.5239997999743,2025-10-26,Beat,Beat safe window end,,1,2,0,18.1799995936453,4.3440002063289995,4.3440002063289995,0.0
53,REX_20251026084543.txt,Rex,22.7759998119436,2025-10-26,Beat,Beat safe window start,,1,2,0,18.1799995936453,4.5960002182983,4.5960002182983,0.0
54,REX_20251026084543.txt,Rex,22.8519998155534,2025-10-26,Beat,Beat zone start,,1,2,0,18.1799995936453,4.6720002219081,4.6720002219081,0.0
55,REX_20251026084543.txt,Rex,23.015999823343,2025-10-26,Beat,Beat tick,,1,2,0,18.1799995936453,4.836000229697703,4.836000229697703,0.0
56,REX_20251026084543.txt,Rex,23.1919998317026,2025-10-26,Beat,Beat zone end,,1,2,0,18.1799995936453,5.0120002380573005,5.0120002380573005,0.0
57,REX_20251026084543.txt,Rex,23.2679998353124,2025-10-26,Beat,Beat safe window end,,1,2,0,18.1799995936453,5.0880002416671,5.0880002416671,0.0
58,REX_20251026084543.txt,Rex,23.3799998406321,2025-10-26,Response,Miss,,1,2,0,18.1799995936453,5.2000002469868,5.2000002469868,0.0
59,REX_20251026084543.txt,Rex,23.5239998474717,2025-10-26,Beat,Beat safe window start,,1,2,0,18.1799995936453,5.344000253826401,5.344000253826401,0.0
60,REX_20251026084543.txt,Rex,23.5959998508915,2025-10-26,Beat,Beat zone start,,1,2,0,18.1799995936453,5.4160002572462,5.4160002572462,0.0
61,REX_20251026084543.txt,Rex,23.7639998588711,2025-10-26,Beat,Beat tick,,1,2,0,18.1799995936453,5.5840002652258,5.5840002652258,0.0
62,REX_20251026084543.txt,Rex,23.9399998672307,2025-10-26,Beat,Beat zone end,,1,2,0,18.1799995936453,5.760000273585401,5.760000273585401,0.0
63,REX_20251026084543.txt,Rex,24.0119998706505,2025-10-26,Beat,Beat safe window end,,1,2,0,18.1799995936453,5.8320002770052,5.8320002770052,0.0
64,REX_20251026084543.txt,Rex,24.1479998771101,2025-10-26,Response,Miss,,1,2,0,18.1799995936453,5.9680002834648,5.9680002834648,0.0
65,REX_20251026084543.txt,Rex,24.2679998828098,2025-10-26,Beat,Beat safe window start,,1,2,0,18.1799995936453,6.088000289164501,6.088000289164501,0.0
66,REX_20251026084543.txt,Rex,24.3399998862296,2025-10-26,Beat,Beat zone start,,1,2,0,18.1799995936453,6.1600002925843,6.1600002925843,0.0
67,REX_20251026084543.txt,Rex,24.5079998942092,2025-10-26,Beat,Beat tick,,1,2,0,18.1799995936453,6.3280003005639,6.3280003005639,0.0
68,REX_20251026084543.txt,Rex,24.6839999025688,2025-10-26,Beat,Beat zone end,,1,2,0,18.1799995936453,6.5040003089235014,6.5040003089235014,0.0
69,REX_20251026084543.txt,Rex,24.7559999059886,2025-10-26,Beat,Beat safe window end,,1,2,0,18.1799995936453,6.5760003123433,6.5760003123433,0.0
70,REX_20251026084543.txt,Rex,25.0119999181479,2025-10-26,Beat,Beat safe window start,,1,2,0,18.1799995936453,6.8320003245026015,6.8320003245026015,0.0
71,REX_20251026084543.txt,Rex,25.0119999181479,2025-10-26,Response,Safe,,1,2,0,18.1799995936453,6.8320003245026015,6.8320003245026015,0.0
72,REX_20251026084543.txt,Rex,25.0879999217577,2025-10-26,Beat,Beat zone start,,1,2,0,18.1799995936453,6.908000328112401,6.908000328112401,0.0
73,REX_20251026084543.txt,Rex,25.2519999295473,2025-10-26,Beat,Beat tick,,1,2,0,18.1799995936453,7.0720003359020005,7.0720003359020005,0.0
74,REX_20251026084543.txt,Rex,25.4279999379069,2025-10-26,Beat,Beat zone end,,1,2,0,18.1799995936453,7.248000344261602,7.248000344261602,0.0
75,REX_20251026084543.txt,Rex,25.5039999415167,2025-10-26,Beat,Beat safe window end,,1,2,0,18.1799995936453,7.324000347871401,7.324000347871401,0.0
76,REX_20251026084543.txt,Rex,25.6719999494962,2025-10-26,Response,Miss,,1,2,0,18.1799995936453,7.492000355850902,7.492000355850902,0.0
77,REX_20251026084543.txt,Rex,25.755999953486,2025-10-26,Beat,Beat safe window start,,1,2,0,18.1799995936453,7.576000359840702,7.576000359840702,0.0
78,REX_20251026084543.txt,Rex,25.8319999570958,2025-10-26,Beat,Beat zone start,,1,2,0,18.1799995936453,7.652000363450501,7.652000363450501,0.0
79,REX_20251026084543.txt,Rex,25.9959999648854,2025-10-26,Beat,Beat tick,,1,2,0,18.1799995936453,7.816000371240101,7.816000371240101,0.0
80,REX_20251026084543.txt,Rex,26.171999973245,2025-10-26,Beat,Beat zone end,,1,2,0,18.1799995936453,7.992000379599702,7.992000379599702,0.0
81,REX_20251026084543.txt,Rex,26.2479999768548,2025-10-26,Beat,Beat safe window end,,1,2,0,18.1799995936453,8.068000383209501,8.068000383209501,0.0
82,REX_20251026084543.txt,Rex,26.3919999836944,2025-10-26,Response,Miss,,1,2,0,18.1799995936453,8.212000390049102,8.212000390049102,0.0
83,REX_20251026084543.txt,Rex,26.4999999888241,2025-10-26,Beat,Beat safe window start,,1,2,0,18.1799995936453,8.320000395178802,8.320000395178802,0.0
84,REX_20251026084543.txt,Rex,26.5759999924339,2025-10-26,Beat,Beat zone start,,1,2,0,18.1799995936453,8.396000398788601,8.396000398788601,0.0
85,REX_20251026084543.txt,Rex,26.7400000002235,2025-10-26,Beat,Beat tick,,1,2,0,18.1799995936453,8.560000406578201,8.560000406578201,0.0
86,REX_20251026084543.txt,Rex,26.9160000085831,2025-10-26,Beat,Beat zone end,,1,2,0,18.1799995936453,8.736000414937802,8.736000414937802,0.0
87,REX_20251026084543.txt,Rex,26.9920000121929,2025-10-26,Beat,Beat safe window end,,1,2,0,18.1799995936453,8.812000418547601,8.812000418547601,0.0
88,REX_20251026084543.txt,Rex,27.2480000243522,2025-10-26,Beat,Beat safe window start,,1,2,0,18.1799995936453,9.068000430706903,9.068000430706903,0.0
89,REX_20251026084543.txt,Rex,27.320000027772,2025-10-26,Beat,Beat zone start,,1,2,0,18.1799995936453,9.140000434126701,9.140000434126701,0.0
90,REX_20251026084543.txt,Rex,27.3760000304319,2025-10-26,Response,Hit,,1,2,0,18.1799995936453,9.196000436786601,9.196000436786601,0.0
91,REX_20251026084543.txt,Rex,27.4880000357516,2025-10-26,Beat,Beat tick,,1,2,0,18.1799995936453,9.308000442106302,9.308000442106302,0.0
92,REX_20251026084543.txt,Rex,27.6640000441112,2025-10-26,Beat,Beat zone end,,1,2,0,18.1799995936453,9.484000450465903,9.484000450465903,0.0
93,REX_20251026084543.txt,Rex,27.736000047531,2025-10-26,Beat,Beat safe window end,,1,2,0,18.1799995936453,9.556000453885702,9.556000453885702,0.0
94,REX_20251026084543.txt,Rex,27.9920000596903,2025-10-26,Beat,Beat safe window start,,1,2,0,18.1799995936453,9.812000466045003,9.812000466045003,0.0
95,REX_20251026084543.txt,Rex,28.0640000631101,2025-10-26,Beat,Beat zone start,,1,2,0,18.1799995936453,9.884000469464802,9.884000469464802,0.0
96,REX_20251026084543.txt,Rex,28.1800000686198,2025-10-26,Response,Hit,,1,2,0,18.1799995936453,10.000000474974502,10.000000474974502,0.0
97,REX_20251026084543.txt,Rex,28.1800000686198,2025-10-26,Trial,Trial 1 ended,,1,2,0,18.1799995936453,10.000000474974502,10.000000474974502,0.0
98,REX_20251026084543.txt,Rex,38.2199998442084,2025-10-26,Trial,Trial 2 started,2025-10-26 08:46:09.878,1,2,1,38.2199998442084,0.0,0.0,0.0
99,REX_20251026084543.txt,Rex,38.2199998442084,2025-10-26,Trial Param,Level,1,1,2,1,38.2199998442084,0.0,0.0,0.0
100,REX_20251026084543.txt,Rex,38.2199998442084,2025-10-26,Trial Param,Wheel Tempo,0.0373,1,2,1,38.2199998442084,0.0,0.0,0.0
101,REX_20251026084543.txt,Rex,38.2199998442084,2025-10-26,Trial Param,Event List,"1, 1, 1, 1, 1, 1, 1, 1, 1, 1, 1, 1, 1, 1, 1, 1, 1, 1, 1, 1, 1, 1, 1, 1, 1, 1, 1, 1, 1, 1, 1, 1, 1, 1, 1, 1",1,2,1,38.2199998442084,0.0,0.0,0.0
102,REX_20251026084543.txt,Rex,38.2199998442084,2025-10-26,Trial Param,Max Beats,20,1,2,1,38.2199998442084,0.0,0.0,0.0
103,REX_20251026084543.txt,Rex,38.2199998442084,2025-10-26,Trial Param,Target Score,2,1,2,1,38.2199998442084,0.0,0.0,0.0
104,REX_20251026084543.txt,Rex,38.2199998442084,2025-10-26,Trial Param,Safe Zone Size,6,1,2,1,38.2199998442084,0.0,0.0,0.0
105,REX_20251026084543.txt,Rex,38.2199998442084,2025-10-26,Trial Param,Beat Zone Size,4,1,2,1,38.2199998442084,0.0,0.0,0.0
106,REX_20251026084543.txt,Rex,38.2959998478182,2025-10-26,Beat,Beat safe window start,,1,2,1,38.2199998442084,0.0760000036097992,0.0760000036097992,0.0
107,REX_20251026084543.txt,Rex,38.367999851238,2025-10-26,Beat,Beat zone start,,1,2,1,38.2199998442084,0.14800000702959437,0.14800000702959437,0.0
108,REX_20251026084543.txt,Rex,38.5359998592176,2025-10-26,Beat,Beat tick,,1,2,1,38.2199998442084,0.3160000150091946,0.3160000150091946,0.0
109,REX_20251026084543.txt,Rex,38.7119998675771,2025-10-26,Beat,Beat zone end,,1,2,1,38.2199998442084,0.4920000233686963,0.4920000233686963,0.0
110,REX_20251026084543.txt,Rex,38.7839998709969,2025-10-26,Beat,Beat safe window end,,1,2,1,38.2199998442084,0.5640000267884986,0.5640000267884986,0.0
111,REX_20251026084543.txt,Rex,38.8879998759367,2025-10-26,Response,Miss,,1,2,1,38.2199998442084,0.6680000317282975,0.6680000317282975,0.0
112,REX_20251026084543.txt,Rex,39.0399998831563,2025-10-26,Beat,Beat safe window start,,1,2,1,38.2199998442084,0.8200000389478959,0.8200000389478959,0.0
113,REX_20251026084543.txt,Rex,39.1159998867661,2025-10-26,Beat,Beat zone start,,1,2,1,38.2199998442084,0.896000042557695,0.896000042557695,0.0
114,REX_20251026084543.txt,Rex,39.2799998945557,2025-10-26,Beat,Beat tick,,1,2,1,38.2199998442084,1.0600000503472984,1.0600000503472984,0.0
115,REX_20251026084543.txt,Rex,39.4559999029152,2025-10-26,Beat,Beat zone end,,1,2,1,38.2199998442084,1.2360000587068,1.2360000587068,0.0
116,REX_20251026084543.txt,Rex,39.4759999038652,2025-10-26,Response,Safe,,1,2,1,38.2199998442084,1.2560000596567988,1.2560000596567988,0.0
117,REX_20251026084543.txt,Rex,39.531999906525,2025-10-26,Beat,Beat safe window end,,1,2,1,38.2199998442084,1.3120000623165993,1.3120000623165993,0.0
118,REX_20251026084543.txt,Rex,39.7839999184944,2025-10-26,Beat,Beat safe window start,,1,2,1,38.2199998442084,1.5640000742859996,1.5640000742859996,0.0
119,REX_20251026084543.txt,Rex,39.8599999221042,2025-10-26,Beat,Beat zone start,,1,2,1,38.2199998442084,1.6400000778957988,1.6400000778957988,0.0
120,REX_20251026084543.txt,Rex,40.0239999298938,2025-10-26,Beat,Beat tick,,1,2,1,38.2199998442084,1.804000085685395,1.804000085685395,0.0
121,REX_20251026084543.txt,Rex,40.0639999317937,2025-10-26,Response,Hit,,1,2,1,38.2199998442084,1.8440000875853002,1.8440000875853002,0.0
122,REX_20251026084543.txt,Rex,40.1999999382533,2025-10-26,Beat,Beat zone end,,1,2,1,38.2199998442084,1.9800000940448967,1.9800000940448967,0.0
123,REX_20251026084543.txt,Rex,40.2759999418631,2025-10-26,Beat,Beat safe window end,,1,2,1,38.2199998442084,2.056000097654696,2.056000097654696,0.0
124,REX_20251026084543.txt,Rex,40.5279999538325,2025-10-26,Beat,Beat safe window start,,1,2,1,38.2199998442084,2.3080001096240963,2.3080001096240963,0.0
125,REX_20251026084543.txt,Rex,40.6039999574423,2025-10-26,Beat,Beat zone start,,1,2,1,38.2199998442084,2.3840001132338955,2.3840001132338955,0.0
126,REX_20251026084543.txt,Rex,40.6279999585822,2025-10-26,Response,Hit,,1,2,1,38.2199998442084,2.408000114373799,2.408000114373799,0.0
127,REX_20251026084543.txt,Rex,40.6279999585822,2025-10-26,Trial,Trial 2 ended,,1,2,1,38.2199998442084,2.408000114373799,2.408000114373799,0.0
128,REX_20251026084543.txt,Rex,49.9079997511581,2025-10-26,Trial,Trial 3 started,2025-10-26 08:46:22.496,1,2,2,49.9079997511581,0.0,0.0,0.0
129,REX_20251026084543.txt,Rex,49.9079997511581,2025-10-26,Trial Param,Level,1,1,2,2,49.9079997511581,0.0,0.0,0.0
130,REX_20251026084543.txt,Rex,49.9079997511581,2025-10-26,Trial Param,Wheel Tempo,0.0373,1,2,2,49.9079997511581,0.0,0.0,0.0
131,REX_20251026084543.txt,Rex,49.9079997511581,2025-10-26,Trial Param,Event List,"1, 1, 1, 1, 1, 1, 1, 1, 1, 1, 1, 1, 1, 1, 1, 1, 1, 1, 1, 1, 1, 1, 1, 1, 1, 1, 1, 1, 1, 1, 1, 1, 1, 1, 1, 1",1,2,2,49.9079997511581,0.0,0.0,0.0
132,REX_20251026084543.txt,Rex,49.9079997511581,2025-10-26,Trial Param,Max Beats,20,1,2,2,49.9079997511581,0.0,0.0,0.0
133,REX_20251026084543.txt,Rex,49.9079997511581,2025-10-26,Trial Param,Target Score,2,1,2,2,49.9079997511581,0.0,0.0,0.0
134,REX_20251026084543.txt,Rex,49.9079997511581,2025-10-26,Trial Param,Safe Zone Size,6,1,2,2,49.9079997511581,0.0,0.0,0.0
135,REX_20251026084543.txt,Rex,49.9079997511581,2025-10-26,Trial Param,Beat Zone Size,4,1,2,2,49.9079997511581,0.0,0.0,0.0
136,REX_20251026084543.txt,Rex,49.911999751348,2025-10-26,Beat,Beat safe window start,,1,2,2,49.9079997511581,0.004000000189897435,0.004000000189897435,0.0
137,REX_20251026084543.txt,Rex,49.911999751348,2025-10-26,Beat,Beat zone start,,1,2,2,49.9079997511581,0.004000000189897435,0.004000000189897435,0.0
138,REX_20251026084543.txt,Rex,50.0799997593276,2025-10-26,Beat,Beat tick,,1,2,2,49.9079997511581,0.17200000816949768,0.17200000816949768,0.0
139,REX_20251026084543.txt,Rex,50.2559997676872,2025-10-26,Beat,Beat zone end,,1,2,2,49.9079997511581,0.34800001652909884,0.34800001652909884,0.0
140,REX_20251026084543.txt,Rex,50.327999771107,2025-10-26,Beat,Beat safe window end,,1,2,2,49.9079997511581,0.4200000199489011,0.4200000199489011,0.0
141,REX_20251026084543.txt,Rex,50.5359997809865,2025-10-26,Response,Miss,,1,2,2,49.9079997511581,0.6280000298283994,0.6280000298283994,0.0
142,REX_20251026084543.txt,Rex,50.5839997832663,2025-10-26,Beat,Beat safe window start,,1,2,2,49.9079997511581,0.6760000321081989,0.6760000321081989,0.0
143,REX_20251026084543.txt,Rex,50.6559997866862,2025-10-26,Beat,Beat zone start,,1,2,2,49.9079997511581,0.7480000355281007,0.7480000355281007,0.0
144,REX_20251026084543.txt,Rex,50.8239997946657,2025-10-26,Beat,Beat tick,,1,2,2,49.9079997511581,0.9160000435076014,0.9160000435076014,0.0
145,REX_20251026084543.txt,Rex,50.9999998030253,2025-10-26,Beat,Beat zone end,,1,2,2,49.9079997511581,1.0920000518671955,1.0920000518671955,0.0
146,REX_20251026084543.txt,Rex,51.0519998054951,2025-10-26,Response,Safe,,1,2,2,49.9079997511581,1.144000054336999,1.144000054336999,0.0
147,REX_20251026084543.txt,Rex,51.0719998064451,2025-10-26,Beat,Beat safe window end,,1,2,2,49.9079997511581,1.1640000552869978,1.1640000552869978,0.0
148,REX_20251026084543.txt,Rex,51.3279998186044,2025-10-26,Beat,Beat safe window start,,1,2,2,49.9079997511581,1.4200000674462956,1.4200000674462956,0.0
149,REX_20251026084543.txt,Rex,51.4039998222142,2025-10-26,Beat,Beat zone start,,1,2,2,49.9079997511581,1.4960000710561019,1.4960000710561019,0.0
150,REX_20251026084543.txt,Rex,51.483999826014,2025-10-26,Response,Hit,,1,2,2,49.9079997511581,1.576000074855898,1.576000074855898,0.0
151,REX_20251026084543.txt,Rex,51.5679998300038,2025-10-26,Beat,Beat tick,,1,2,2,49.9079997511581,1.6600000788456981,1.6600000788456981,0.0
152,REX_20251026084543.txt,Rex,51.7439998383634,2025-10-26,Beat,Beat zone end,,1,2,2,49.9079997511581,1.8360000872052993,1.8360000872052993,0.0
153,REX_20251026084543.txt,Rex,51.7479998385534,2025-10-26,Response,Miss (already hit),,1,2,2,49.9079997511581,1.8400000873952962,1.8400000873952962,0.0
154,REX_20251026084543.txt,Rex,51.8199998419732,2025-10-26,Beat,Beat safe window end,,1,2,2,49.9079997511581,1.9120000908150985,1.9120000908150985,0.0
155,REX_20251026084543.txt,Rex,52.0719998539425,2025-10-26,Beat,Beat safe window start,,1,2,2,49.9079997511581,2.1640001027843994,2.1640001027843994,0.0
156,REX_20251026084543.txt,Rex,52.1479998575523,2025-10-26,Beat,Beat zone start,,1,2,2,49.9079997511581,2.2400001063941986,2.2400001063941986,0.0
157,REX_20251026084543.txt,Rex,52.3119998653419,2025-10-26,Beat,Beat tick,,1,2,2,49.9079997511581,2.404000114183802,2.404000114183802,0.0
158,REX_20251026084543.txt,Rex,52.4879998737015,2025-10-26,Beat,Beat zone end,,1,2,2,49.9079997511581,2.580000122543396,2.580000122543396,0.0
159,REX_20251026084543.txt,Rex,52.5639998773113,2025-10-26,Beat,Beat safe window end,,1,2,2,49.9079997511581,2.6560001261532022,2.6560001261532022,0.0
160,REX_20251026084543.txt,Rex,52.8159998892806,2025-10-26,Beat,Beat safe window start,,1,2,2,49.9079997511581,2.908000138122496,2.908000138122496,0.0
161,REX_20251026084543.txt,Rex,52.8919998928905,2025-10-26,Beat,Beat zone start,,1,2,2,49.9079997511581,2.984000141732402,2.984000141732402,0.0
162,REX_20251026084543.txt,Rex,53.0319998995401,2025-10-26,Response,Hit,,1,2,2,49.9079997511581,3.1240001483819952,3.1240001483819952,0.0
163,REX_20251026084543.txt,Rex,53.05599990068,2025-10-26,Beat,Beat tick,,1,2,2,49.9079997511581,3.1480001495218985,3.1480001495218985,0.0
164,REX_20251026084543.txt,Rex,53.2319999090396,2025-10-26,Beat,Beat zone end,,1,2,2,49.9079997511581,3.3240001578814997,3.3240001578814997,0.0
165,REX_20251026084543.txt,Rex,53.3079999126494,2025-10-26,Beat,Beat safe window end,,1,2,2,49.9079997511581,3.400000161491299,3.400000161491299,0.0
166,REX_20251026084543.txt,Rex,53.5479999240488,2025-10-26,Response,Miss,,1,2,2,49.9079997511581,3.6400001728907014,3.6400001728907014,0.0
167,REX_20251026084543.txt,Rex,53.5639999248087,2025-10-26,Beat,Beat safe window start,,1,2,2,49.9079997511581,3.6560001736505967,3.6560001736505967,0.0
168,REX_20251026084543.txt,Rex,53.6359999282286,2025-10-26,Beat,Beat zone start,,1,2,2,49.9079997511581,3.7280001770704985,3.7280001770704985,0.0
169,REX_20251026084543.txt,Rex,53.8039999362081,2025-10-26,Beat,Beat tick,,1,2,2,49.9079997511581,3.8960001850499992,3.8960001850499992,0.0
170,REX_20251026084543.txt,Rex,53.9799999445677,2025-10-26,Beat,Beat zone end,,1,2,2,49.9079997511581,4.0720001934096,4.0720001934096,0.0
171,REX_20251026084543.txt,Rex,54.0519999479875,2025-10-26,Beat,Beat safe window end,,1,2,2,49.9079997511581,4.144000196829396,4.144000196829396,0.0
172,REX_20251026084543.txt,Rex,54.0999999502674,2025-10-26,Response,Miss,,1,2,2,49.9079997511581,4.192000199109302,4.192000199109302,0.0
173,REX_20251026084543.txt,Rex,54.3079999601468,2025-10-26,Beat,Beat safe window start,,1,2,2,49.9079997511581,4.4000002089887005,4.4000002089887005,0.0
174,REX_20251026084543.txt,Rex,54.3799999635667,2025-10-26,Beat,Beat zone start,,1,2,2,49.9079997511581,4.472000212408602,4.472000212408602,0.0
175,REX_20251026084543.txt,Rex,54.5479999715462,2025-10-26,Beat,Beat tick,,1,2,2,49.9079997511581,4.640000220388096,4.640000220388096,0.0
176,REX_20251026084543.txt,Rex,54.5919999736361,2025-10-26,Response,Hit,,1,2,2,49.9079997511581,4.684000222477998,4.684000222477998,0.0
177,REX_20251026084543.txt,Rex,54.7239999799058,2025-10-26,Beat,Beat zone end,,1,2,2,49.9079997511581,4.816000228747697,4.816000228747697,0.0
178,REX_20251026084543.txt,Rex,54.7959999833256,2025-10-26,Beat,Beat safe window end,,1,2,2,49.9079997511581,4.888000232167499,4.888000232167499,0.0
179,REX_20251026084543.txt,Rex,55.0519999954849,2025-10-26,Beat,Beat safe window start,,1,2,2,49.9079997511581,5.144000244326797,5.144000244326797,0.0
180,REX_20251026084543.txt,Rex,55.1279999990948,2025-10-26,Beat,Beat zone start,,1,2,2,49.9079997511581,5.220000247936696,5.220000247936696,0.0
181,REX_20251026084543.txt,Rex,55.1680000009947,2025-10-26,Response,Hit,,1,2,2,49.9079997511581,5.260000249836601,5.260000249836601,0.0
182,REX_20251026084543.txt,Rex,55.1680000009947,2025-10-26,Trial,Trial 3 ended,,1,2,2,49.9079997511581,5.260000249836601,5.260000249836601,0.0
183,REX_20251026084543.txt,Rex,63.607999812346,2025-10-26,Trial,Trial 4 started,2025-10-26 08:46:38.247,1,2,3,63.607999812346,0.0,0.0,0.0
184,REX_20251026084543.txt,Rex,63.607999812346,2025-10-26,Trial Param,Level,1,1,2,3,63.607999812346,0.0,0.0,0.0
185,REX_20251026084543.txt,Rex,63.607999812346,2025-10-26,Trial Param,Wheel Tempo,0.0373,1,2,3,63.607999812346,0.0,0.0,0.0
186,REX_20251026084543.txt,Rex,63.607999812346,2025-10-26,Trial Param,Event List,"1, 1, 1, 1, 1, 1, 1, 1, 1, 1, 1, 1, 1, 1, 1, 1, 1, 1, 1, 1, 1, 1, 1, 1, 1, 1, 1, 1, 1, 1, 1, 1, 1, 1, 1, 1",1,2,3,63.607999812346,0.0,0.0,0.0
187,REX_20251026084543.txt,Rex,63.607999812346,2025-10-26,Trial Param,Max Beats,20,1,2,3,63.607999812346,0.0,0.0,0.0
188,REX_20251026084543.txt,Rex,63.607999812346,2025-10-26,Trial Param,Target Score,2,1,2,3,63.607999812346,0.0,0.0,0.0
189,REX_20251026084543.txt,Rex,63.607999812346,2025-10-26,Trial Param,Safe Zone Size,6,1,2,3,63.607999812346,0.0,0.0,0.0
190,REX_20251026084543.txt,Rex,63.607999812346,2025-10-26,Trial Param,Beat Zone Size,4,1,2,3,63.607999812346,0.0,0.0,0.0
191,REX_20251026084543.txt,Rex,63.6119998125359,2025-10-26,Beat,Beat safe window start,,1,2,3,63.607999812346,0.004000000189897435,0.004000000189897435,0.0
192,REX_20251026084543.txt,Rex,63.6119998125359,2025-10-26,Beat,Beat zone start,,1,2,3,63.607999812346,0.004000000189897435,0.004000000189897435,0.0
193,REX_20251026084543.txt,Rex,63.6519998144358,2025-10-26,Beat,Beat tick,,1,2,3,63.607999812346,0.04400000208979549,0.04400000208979549,0.0
194,REX_20251026084543.txt,Rex,63.8279998227954,2025-10-26,Beat,Beat zone end,,1,2,3,63.607999812346,0.22000001044939665,0.22000001044939665,0.0
195,REX_20251026084543.txt,Rex,63.8999998262152,2025-10-26,Beat,Beat safe window end,,1,2,3,63.607999812346,0.29200001386919894,0.29200001386919894,0.0
196,REX_20251026084543.txt,Rex,64.1559998383746,2025-10-26,Beat,Beat safe window start,,1,2,3,63.607999812346,0.5480000260285962,0.5480000260285962,0.0
197,REX_20251026084543.txt,Rex,64.2199998414144,2025-10-26,Response,Safe,,1,2,3,63.607999812346,0.6120000290684047,0.6120000290684047,0.0
198,REX_20251026084543.txt,Rex,64.2319998419844,2025-10-26,Beat,Beat zone start,,1,2,3,63.607999812346,0.6240000296384025,0.6240000296384025,0.0
199,REX_20251026084543.txt,Rex,64.3959998497739,2025-10-26,Beat,Beat tick,,1,2,3,63.607999812346,0.7880000374278993,0.7880000374278993,0.0
200,REX_20251026084543.txt,Rex,64.5719998581335,2025-10-26,Beat,Beat zone end,,1,2,3,63.607999812346,0.9640000457874933,0.9640000457874933,0.0
201,REX_20251026084543.txt,Rex,64.6039998596534,2025-10-26,Response,Miss (already hit),,1,2,3,63.607999812346,0.9960000473073976,0.9960000473073976,0.0
202,REX_20251026084543.txt,Rex,64.6479998617433,2025-10-26,Beat,Beat safe window end,,1,2,3,63.607999812346,1.0400000493972996,1.0400000493972996,0.0
203,REX_20251026084543.txt,Rex,64.8999998737127,2025-10-26,Beat,Beat safe window start,,1,2,3,63.607999812346,1.2920000613667,1.2920000613667,0.0
204,REX_20251026084543.txt,Rex,64.9759998773225,2025-10-26,Beat,Beat zone start,,1,2,3,63.607999812346,1.368000064976492,1.368000064976492,0.0
205,REX_20251026084543.txt,Rex,65.0599998813123,2025-10-26,Response,Hit,,1,2,3,63.607999812346,1.4520000689662922,1.4520000689662922,0.0
206,REX_20251026084543.txt,Rex,65.139999885112,2025-10-26,Beat,Beat tick,,1,2,3,63.607999812346,1.532000072766003,1.532000072766003,0.0
207,REX_20251026084543.txt,Rex,65.3159998934716,2025-10-26,Beat,Beat zone end,,1,2,3,63.607999812346,1.708000081125597,1.708000081125597,0.0
208,REX_20251026084543.txt,Rex,65.3919998970814,2025-10-26,Beat,Beat safe window end,,1,2,3,63.607999812346,1.7840000847354034,1.7840000847354034,0.0
209,REX_20251026084543.txt,Rex,65.5279999035411,2025-10-26,Response,Miss,,1,2,3,63.607999812346,1.9200000911950994,1.9200000911950994,0.0
210,REX_20251026084543.txt,Rex,65.6439999090508,2025-10-26,Beat,Beat safe window start,,1,2,3,63.607999812346,2.0360000967048038,2.0360000967048038,0.0
211,REX_20251026084543.txt,Rex,65.7199999126606,2025-10-26,Beat,Beat zone start,,1,2,3,63.607999812346,2.112000100314596,2.112000100314596,0.0
212,REX_20251026084543.txt,Rex,65.8839999204502,2025-10-26,Beat,Beat tick,,1,2,3,63.607999812346,2.276000108104192,2.276000108104192,0.0
213,REX_20251026084543.txt,Rex,65.95999992406,2025-10-26,Response,Hit,,1,2,3,63.607999812346,2.3520001117139984,2.3520001117139984,0.0
214,REX_20251026084543.txt,Rex,66.0599999288097,2025-10-26,Beat,Beat zone end,,1,2,3,63.607999812346,2.452000116463701,2.452000116463701,0.0
215,REX_20251026084543.txt,Rex,66.1359999324195,2025-10-26,Beat,Beat safe window end,,1,2,3,63.607999812346,2.528000120073493,2.528000120073493,0.0
216,REX_20251026084543.txt,Rex,66.3919999445789,2025-10-26,Beat,Beat safe window start,,1,2,3,63.607999812346,2.7840001322328973,2.7840001322328973,0.0
217,REX_20251026084543.txt,Rex,66.4639999479987,2025-10-26,Beat,Beat zone start,,1,2,3,63.607999812346,2.8560001356526996,2.8560001356526996,0.0
218,REX_20251026084543.txt,Rex,66.4999999497086,2025-10-26,Response,Hit,,1,2,3,63.607999812346,2.8920001373625936,2.8920001373625936,0.0
219,REX_20251026084543.txt,Rex,66.4999999497086,2025-10-26,Trial,Trial 4 ended,,1,2,3,63.607999812346,2.8920001373625936,2.8920001373625936,0.0
220,REX_20251026084543.txt,Rex,78.299999685958,2025-10-26,Trial,Trial 5 started,2025-10-26 08:46:54.064,1,2,4,78.299999685958,0.0,0.0,0.0
221,REX_20251026084543.txt,Rex,78.299999685958,2025-10-26,Trial Param,Level,1,1,2,4,78.299999685958,0.0,0.0,0.0
222,REX_20251026084543.txt,Rex,78.299999685958,2025-10-26,Trial Param,Wheel Tempo,0.0373,1,2,4,78.299999685958,0.0,0.0,0.0
223,REX_20251026084543.txt,Rex,78.299999685958,2025-10-26,Trial Param,Event List,"1, 1, 1, 1, 1, 1, 1, 1, 1, 1, 1, 1, 1, 1, 1, 1, 1, 1, 1, 1, 1, 1, 1, 1, 1, 1, 1, 1, 1, 1, 1, 1, 1, 1, 1, 1",1,2,4,78.299999685958,0.0,0.0,0.0
224,REX_20251026084543.txt,Rex,78.299999685958,2025-10-26,Trial Param,Max Beats,20,1,2,4,78.299999685958,0.0,0.0,0.0
225,REX_20251026084543.txt,Rex,78.299999685958,2025-10-26,Trial Param,Target Score,2,1,2,4,78.299999685958,0.0,0.0,0.0
226,REX_20251026084543.txt,Rex,78.299999685958,2025-10-26,Trial Param,Safe Zone Size,6,1,2,4,78.299999685958,0.0,0.0,0.0
227,REX_20251026084543.txt,Rex,78.299999685958,2025-10-26,Trial Param,Beat Zone Size,4,1,2,4,78.299999685958,0.0,0.0,0.0
228,REX_20251026084543.txt,Rex,78.303999686148,2025-10-26,Beat,Beat safe window start,,1,2,4,78.299999685958,0.004000000190004016,0.004000000190004016,0.0
229,REX_20251026084543.txt,Rex,78.303999686148,2025-10-26,Beat,Beat zone start,,1,2,4,78.299999685958,0.004000000190004016,0.004000000190004016,0.0
230,REX_20251026084543.txt,Rex,78.3839996899478,2025-10-26,Beat,Beat zone end,,1,2,4,78.299999685958,0.08400000398980012,0.08400000398980012,0.0
231,REX_20251026084543.txt,Rex,78.4599996935576,2025-10-26,Beat,Beat safe window end,,1,2,4,78.299999685958,0.16000000759960642,0.16000000759960642,0.0
232,REX_20251026084543.txt,Rex,78.715999705717,2025-10-26,Beat,Beat safe window start,,1,2,4,78.299999685958,0.4160000197589966,0.4160000197589966,0.0
233,REX_20251026084543.txt,Rex,78.7879997091368,2025-10-26,Beat,Beat zone start,,1,2,4,78.299999685958,0.48800002317879887,0.48800002317879887,0.0
234,REX_20251026084543.txt,Rex,78.9559997171164,2025-10-26,Beat,Beat tick,,1,2,4,78.299999685958,0.6560000311583991,0.6560000311583991,0.0
235,REX_20251026084543.txt,Rex,79.0359997209162,2025-10-26,Response,Hit,,1,2,4,78.299999685958,0.7360000349581952,0.7360000349581952,0.0
236,REX_20251026084543.txt,Rex,79.1319997254759,2025-10-26,Beat,Beat zone end,,1,2,4,78.299999685958,0.8320000395178937,0.8320000395178937,0.0
237,REX_20251026084543.txt,Rex,79.2039997288957,2025-10-26,Beat,Beat safe window end,,1,2,4,78.299999685958,0.904000042937696,0.904000042937696,0.0
238,REX_20251026084543.txt,Rex,79.4599997410551,2025-10-26,Beat,Beat safe window start,,1,2,4,78.299999685958,1.1600000550971004,1.1600000550971004,0.0
239,REX_20251026084543.txt,Rex,79.5319997444749,2025-10-26,Beat,Beat zone start,,1,2,4,78.299999685958,1.2320000585169026,1.2320000585169026,0.0
240,REX_20251026084543.txt,Rex,79.5519997454248,2025-10-26,Response,Hit,,1,2,4,78.299999685958,1.2520000594667948,1.2520000594667948,0.0
241,REX_20251026084543.txt,Rex,79.5519997454248,2025-10-26,Trial,Trial 5 ended,,1,2,4,78.299999685958,1.2520000594667948,1.2520000594667948,0.0
242,REX_20251026084543.txt,Rex,91.1519994861446,2025-10-26,Trial,Trial 6 started,2025-10-26 08:47:07.382,1,2,5,91.1519994861446,0.0,0.0,0.0
243,REX_20251026084543.txt,Rex,91.1519994861446,2025-10-26,Trial Param,Level,1,1,2,5,91.1519994861446,0.0,0.0,0.0
244,REX_20251026084543.txt,Rex,91.1519994861446,2025-10-26,Trial Param,Wheel Tempo,0.0373,1,2,5,91.1519994861446,0.0,0.0,0.0
245,REX_20251026084543.txt,Rex,91.1519994861446,2025-10-26,Trial Param,Event List,"1, 1, 1, 1, 1, 1, 1, 1, 1, 1, 1, 1, 1, 1, 1, 1, 1, 1, 1, 1, 1, 1, 1, 1, 1, 1, 1, 1, 1, 1, 1, 1, 1, 1, 1, 1",1,2,5,91.1519994861446,0.0,0.0,0.0
246,REX_20251026084543.txt,Rex,91.1519994861446,2025-10-26,Trial Param,Max Beats,20,1,2,5,91.1519994861446,0.0,0.0,0.0
247,REX_20251026084543.txt,Rex,91.1519994861446,2025-10-26,Trial Param,Target Score,2,1,2,5,91.1519994861446,0.0,0.0,0.0
248,REX_20251026084543.txt,Rex,91.1519994861446,2025-10-26,Trial Param,Safe Zone Size,6,1,2,5,91.1519994861446,0.0,0.0,0.0
249,REX_20251026084543.txt,Rex,91.1519994861446,2025-10-26,Trial Param,Beat Zone Size,4,1,2,5,91.1519994861446,0.0,0.0,0.0
250,REX_20251026084543.txt,Rex,91.1559994863346,2025-10-26,Beat,Beat safe window start,,1,2,5,91.1519994861446,0.004000000189989805,0.004000000189989805,0.0
251,REX_20251026084543.txt,Rex,91.1599994865246,2025-10-26,Beat,Beat safe window end,,1,2,5,91.1519994861446,0.008000000379993821,0.008000000379993821,0.0
252,REX_20251026084543.txt,Rex,91.415999498684,2025-10-26,Beat,Beat safe window start,,1,2,5,91.1519994861446,0.2640000125393982,0.2640000125393982,0.0
253,REX_20251026084543.txt,Rex,91.4919995022938,2025-10-26,Beat,Beat zone start,,1,2,5,91.1519994861446,0.3400000161491903,0.3400000161491903,0.0
254,REX_20251026084543.txt,Rex,91.6559995100833,2025-10-26,Beat,Beat tick,,1,2,5,91.1519994861446,0.5040000239387012,0.5040000239387012,0.0
255,REX_20251026084543.txt,Rex,91.787999516353,2025-10-26,Response,Hit,,1,2,5,91.1519994861446,0.6360000302083932,0.6360000302083932,0.0
256,REX_20251026084543.txt,Rex,91.8319995184429,2025-10-26,Beat,Beat zone end,,1,2,5,91.1519994861446,0.6800000322982953,0.6800000322982953,0.0
257,REX_20251026084543.txt,Rex,91.9079995220527,2025-10-26,Beat,Beat safe window end,,1,2,5,91.1519994861446,0.7560000359081016,0.7560000359081016,0.0
258,REX_20251026084543.txt,Rex,92.1599995340221,2025-10-26,Beat,Beat safe window start,,1,2,5,91.1519994861446,1.008000047877502,1.008000047877502,0.0
259,REX_20251026084543.txt,Rex,92.2359995376319,2025-10-26,Beat,Beat zone start,,1,2,5,91.1519994861446,1.084000051487294,1.084000051487294,0.0
260,REX_20251026084543.txt,Rex,92.2439995380118,2025-10-26,Response,Hit,,1,2,5,91.1519994861446,1.0920000518672026,1.0920000518672026,0.0
261,REX_20251026084543.txt,Rex,92.2439995380118,2025-10-26,Trial,Trial 6 ended,,1,2,5,91.1519994861446,1.0920000518672026,1.0920000518672026,0.0
262,REX_20251026084543.txt,Rex,101.683999327011,2025-10-26,Trial,Trial 7 started,2025-10-26 08:47:18.350,1,2,6,101.683999327011,0.0,0.0,0.0
263,REX_20251026084543.txt,Rex,101.683999327011,2025-10-26,Trial Param,Level,1,1,2,6,101.683999327011,0.0,0.0,0.0
264,REX_20251026084543.txt,Rex,101.683999327011,2025-10-26,Trial Param,Wheel Tempo,0.0373,1,2,6,101.683999327011,0.0,0.0,0.0
265,REX_20251026084543.txt,Rex,101.683999327011,2025-10-26,Trial Param,Event List,"1, 1, 1, 1, 1, 1, 1, 1, 1, 1, 1, 1, 1, 1, 1, 1, 1, 1, 1, 1, 1, 1, 1, 1, 1, 1, 1, 1, 1, 1, 1, 1, 1, 1, 1, 1",1,2,6,101.683999327011,0.0,0.0,0.0
266,REX_20251026084543.txt,Rex,101.683999327011,2025-10-26,Trial Param,Max Beats,20,1,2,6,101.683999327011,0.0,0.0,0.0
267,REX_20251026084543.txt,Rex,101.683999327011,2025-10-26,Trial Param,Target Score,2,1,2,6,101.683999327011,0.0,0.0,0.0
268,REX_20251026084543.txt,Rex,101.683999327011,2025-10-26,Trial Param,Safe Zone Size,6,1,2,6,101.683999327011,0.0,0.0,0.0
269,REX_20251026084543.txt,Rex,101.683999327011,2025-10-26,Trial Param,Beat Zone Size,4,1,2,6,101.683999327011,0.0,0.0,0.0
270,REX_20251026084543.txt,Rex,101.787999331951,2025-10-26,Beat,Beat safe window start,,1,2,6,101.683999327011,0.10400000494000494,0.10400000494000494,0.0
271,REX_20251026084543.txt,Rex,101.863999335561,2025-10-26,Beat,Beat zone start,,1,2,6,101.683999327011,0.1800000085500102,0.1800000085500102,0.0
272,REX_20251026084543.txt,Rex,102.027999343351,2025-10-26,Beat,Beat tick,,1,2,6,101.683999327011,0.3440000163400043,0.3440000163400043,0.0
273,REX_20251026084543.txt,Rex,102.20399935171,2025-10-26,Beat,Beat zone end,,1,2,6,101.683999327011,0.5200000246990015,0.5200000246990015,0.0
274,REX_20251026084543.txt,Rex,102.23599935323,2025-10-26,Response,Safe,,1,2,6,101.683999327011,0.5520000262190052,0.5520000262190052,0.0
275,REX_20251026084543.txt,Rex,102.27999935532,2025-10-26,Beat,Beat safe window end,,1,2,6,101.683999327011,0.5960000283090068,0.5960000283090068,0.0
276,REX_20251026084543.txt,Rex,102.531999367289,2025-10-26,Beat,Beat safe window start,,1,2,6,101.683999327011,0.8480000402780092,0.8480000402780092,0.0
277,REX_20251026084543.txt,Rex,102.607999370899,2025-10-26,Beat,Beat zone start,,1,2,6,101.683999327011,0.9240000438880003,0.9240000438880003,0.0
278,REX_20251026084543.txt,Rex,102.607999370899,2025-10-26,Response,Hit,,1,2,6,101.683999327011,0.9240000438880003,0.9240000438880003,0.0
279,REX_20251026084543.txt,Rex,102.771999378689,2025-10-26,Beat,Beat tick,,1,2,6,101.683999327011,1.0880000516780086,1.0880000516780086,0.0
280,REX_20251026084543.txt,Rex,102.947999387048,2025-10-26,Beat,Beat zone end,,1,2,6,101.683999327011,1.2640000600370058,1.2640000600370058,0.0
281,REX_20251026084543.txt,Rex,103.023999390658,2025-10-26,Beat,Beat safe window end,,1,2,6,101.683999327011,1.340000063647011,1.340000063647011,0.0
282,REX_20251026084543.txt,Rex,103.051999391988,2025-10-26,Response,Miss,,1,2,6,101.683999327011,1.3680000649770108,1.3680000649770108,0.0
283,REX_20251026084543.txt,Rex,103.275999402627,2025-10-26,Beat,Beat safe window start,,1,2,6,101.683999327011,1.5920000756159993,1.5920000756159993,0.0
284,REX_20251026084543.txt,Rex,103.351999406237,2025-10-26,Beat,Beat zone start,,1,2,6,101.683999327011,1.6680000792260046,1.6680000792260046,0.0
285,REX_20251026084543.txt,Rex,103.459999411367,2025-10-26,Response,Hit,,1,2,6,101.683999327011,1.7760000843559993,1.7760000843559993,0.0
286,REX_20251026084543.txt,Rex,103.515999414027,2025-10-26,Beat,Beat tick,,1,2,6,101.683999327011,1.8320000870159987,1.8320000870159987,0.0
287,REX_20251026084543.txt,Rex,103.691999422386,2025-10-26,Beat,Beat zone end,,1,2,6,101.683999327011,2.00800009537501,2.00800009537501,0.0
288,REX_20251026084543.txt,Rex,103.767999425996,2025-10-26,Beat,Beat safe window end,,1,2,6,101.683999327011,2.084000098985001,2.084000098985001,0.0
289,REX_20251026084543.txt,Rex,103.879999431316,2025-10-26,Response,Miss,,1,2,6,101.683999327011,2.196000104305,2.196000104305,0.0
290,REX_20251026084543.txt,Rex,104.023999438155,2025-10-26,Beat,Beat safe window start,,1,2,6,101.683999327011,2.3400001111440076,2.3400001111440076,0.0
291,REX_20251026084543.txt,Rex,104.095999441575,2025-10-26,Beat,Beat zone start,,1,2,6,101.683999327011,2.412000114564009,2.412000114564009,0.0
292,REX_20251026084543.txt,Rex,104.263999449555,2025-10-26,Beat,Beat tick,,1,2,6,101.683999327011,2.580000122544007,2.580000122544007,0.0
293,REX_20251026084543.txt,Rex,104.335999452975,2025-10-26,Response,Hit,,1,2,6,101.683999327011,2.6520001259640082,2.6520001259640082,0.0
294,REX_20251026084543.txt,Rex,104.439999457914,2025-10-26,Beat,Beat zone end,,1,2,6,101.683999327011,2.756000130903004,2.756000130903004,0.0
295,REX_20251026084543.txt,Rex,104.511999461334,2025-10-26,Beat,Beat safe window end,,1,2,6,101.683999327011,2.8280001343230055,2.8280001343230055,0.0
296,REX_20251026084543.txt,Rex,104.767999473494,2025-10-26,Beat,Beat safe window start,,1,2,6,101.683999327011,3.0840001464830067,3.0840001464830067,0.0
297,REX_20251026084543.txt,Rex,104.839999476913,2025-10-26,Beat,Beat zone start,,1,2,6,101.683999327011,3.156000149901999,3.156000149901999,0.0
298,REX_20251026084543.txt,Rex,104.851999477483,2025-10-26,Response,Hit,,1,2,6,101.683999327011,3.168000150472011,3.168000150472011,0.0
299,REX_20251026084543.txt,Rex,104.851999477483,2025-10-26,Trial,Trial 7 ended,,1,2,6,101.683999327011,3.168000150472011,3.168000150472011,0.0
300,REX_20251026084543.txt,Rex,112.99199929554,2025-10-26,Trial,Trial 8 started,2025-10-26 08:47:30.883,1,2,7,112.99199929554,0.0,0.0,0.0
301,REX_20251026084543.txt,Rex,112.99199929554,2025-10-26,Trial Param,Level,1,1,2,7,112.99199929554,0.0,0.0,0.0
302,REX_20251026084543.txt,Rex,112.99199929554,2025-10-26,Trial Param,Wheel Tempo,0.0373,1,2,7,112.99199929554,0.0,0.0,0.0
303,REX_20251026084543.txt,Rex,112.99199929554,2025-10-26,Trial Param,Event List,"1, 1, 1, 1, 1, 1, 1, 1, 1, 1, 1, 1, 1, 1, 1, 1, 1, 1, 1, 1, 1, 1, 1, 1, 1, 1, 1, 1, 1, 1, 1, 1, 1, 1, 1, 1",1,2,7,112.99199929554,0.0,0.0,0.0
304,REX_20251026084543.txt,Rex,112.99199929554,2025-10-26,Trial Param,Max Beats,20,1,2,7,112.99199929554,0.0,0.0,0.0
305,REX_20251026084543.txt,Rex,112.99199929554,2025-10-26,Trial Param,Target Score,2,1,2,7,112.99199929554,0.0,0.0,0.0
306,REX_20251026084543.txt,Rex,112.99199929554,2025-10-26,Trial Param,Safe Zone Size,6,1,2,7,112.99199929554,0.0,0.0,0.0
307,REX_20251026084543.txt,Rex,112.99199929554,2025-10-26,Trial Param,Beat Zone Size,4,1,2,7,112.99199929554,0.0,0.0,0.0
308,REX_20251026084543.txt,Rex,112.99599929573,2025-10-26,Beat,Beat safe window start,,1,2,7,112.99199929554,0.004000000190004016,0.004000000190004016,0.0
309,REX_20251026084543.txt,Rex,113.01199929649,2025-10-26,Beat,Beat zone start,,1,2,7,112.99199929554,0.02000000095000587,0.02000000095000587,0.0
310,REX_20251026084543.txt,Rex,113.17599930428,2025-10-26,Beat,Beat tick,,1,2,7,112.99199929554,0.18400000874,0.18400000874,0.0
311,REX_20251026084543.txt,Rex,113.351999312639,2025-10-26,Beat,Beat zone end,,1,2,7,112.99199929554,0.3600000170989972,0.3600000170989972,0.0
312,REX_20251026084543.txt,Rex,113.427999316249,2025-10-26,Beat,Beat safe window end,,1,2,7,112.99199929554,0.43600002070900246,0.43600002070900246,0.0
313,REX_20251026084543.txt,Rex,113.683999328408,2025-10-26,Beat,Beat safe window start,,1,2,7,112.99199929554,0.6920000328680089,0.6920000328680089,0.0
314,REX_20251026084543.txt,Rex,113.755999331828,2025-10-26,Beat,Beat zone start,,1,2,7,112.99199929554,0.764000036287996,0.764000036287996,0.0
315,REX_20251026084543.txt,Rex,113.771999332588,2025-10-26,Response,Hit,,1,2,7,112.99199929554,0.7800000370479978,0.7800000370479978,0.0
316,REX_20251026084543.txt,Rex,113.923999339808,2025-10-26,Beat,Beat tick,,1,2,7,112.99199929554,0.9320000442680083,0.9320000442680083,0.0
317,REX_20251026084543.txt,Rex,114.099999348167,2025-10-26,Beat,Beat zone end,,1,2,7,112.99199929554,1.1080000526270055,1.1080000526270055,0.0
318,REX_20251026084543.txt,Rex,114.167999351397,2025-10-26,Response,Miss (already hit),,1,2,7,112.99199929554,1.1760000558570027,1.1760000558570027,0.0
319,REX_20251026084543.txt,Rex,114.171999351587,2025-10-26,Beat,Beat safe window end,,1,2,7,112.99199929554,1.1800000560470068,1.1800000560470068,0.0
320,REX_20251026084543.txt,Rex,114.427999363746,2025-10-26,Beat,Beat safe window start,,1,2,7,112.99199929554,1.436000068205999,1.436000068205999,0.0
321,REX_20251026084543.txt,Rex,114.499999367166,2025-10-26,Beat,Beat zone start,,1,2,7,112.99199929554,1.5080000716260002,1.5080000716260002,0.0
322,REX_20251026084543.txt,Rex,114.539999369066,2025-10-26,Response,Hit,,1,2,7,112.99199929554,1.5480000735259978,1.5480000735259978,0.0
323,REX_20251026084543.txt,Rex,114.667999375146,2025-10-26,Beat,Beat tick,,1,2,7,112.99199929554,1.6760000796059984,1.6760000796059984,0.0
324,REX_20251026084543.txt,Rex,114.843999383505,2025-10-26,Beat,Beat zone end,,1,2,7,112.99199929554,1.8520000879649956,1.8520000879649956,0.0
325,REX_20251026084543.txt,Rex,114.915999386925,2025-10-26,Beat,Beat safe window end,,1,2,7,112.99199929554,1.9240000913849968,1.9240000913849968,0.0
326,REX_20251026084543.txt,Rex,114.959999389015,2025-10-26,Response,Miss,,1,2,7,112.99199929554,1.9680000934749984,1.9680000934749984,0.0
327,REX_20251026084543.txt,Rex,115.171999399085,2025-10-26,Beat,Beat safe window start,,1,2,7,112.99199929554,2.180000103544998,2.180000103544998,0.0
328,REX_20251026084543.txt,Rex,115.247999402694,2025-10-26,Beat,Beat zone start,,1,2,7,112.99199929554,2.2560001071540086,2.2560001071540086,0.0
329,REX_20251026084543.txt,Rex,115.367999408394,2025-10-26,Response,Hit,,1,2,7,112.99199929554,2.376000112854001,2.376000112854001,0.0
330,REX_20251026084543.txt,Rex,115.411999410484,2025-10-26,Beat,Beat tick,,1,2,7,112.99199929554,2.4200001149440027,2.4200001149440027,0.0
331,REX_20251026084543.txt,Rex,115.587999418844,2025-10-26,Beat,Beat zone end,,1,2,7,112.99199929554,2.596000123304009,2.596000123304009,0.0
332,REX_20251026084543.txt,Rex,115.663999422453,2025-10-26,Beat,Beat safe window end,,1,2,7,112.99199929554,2.672000126913005,2.672000126913005,0.0
333,REX_20251026084543.txt,Rex,115.799999428913,2025-10-26,Response,Miss,,1,2,7,112.99199929554,2.8080001333729996,2.8080001333729996,0.0
334,REX_20251026084543.txt,Rex,115.915999434423,2025-10-26,Beat,Beat safe window start,,1,2,7,112.99199929554,2.9240001388830024,2.9240001388830024,0.0
335,REX_20251026084543.txt,Rex,115.991999438033,2025-10-26,Beat,Beat zone start,,1,2,7,112.99199929554,3.0000001424930076,3.0000001424930076,0.0
336,REX_20251026084543.txt,Rex,116.155999445822,2025-10-26,Beat,Beat tick,,1,2,7,112.99199929554,3.164000150282007,3.164000150282007,0.0
337,REX_20251026084543.txt,Rex,116.303999452852,2025-10-26,Response,Hit,,1,2,7,112.99199929554,3.3120001573119993,3.3120001573119993,0.0
338,REX_20251026084543.txt,Rex,116.331999454182,2025-10-26,Beat,Beat zone end,,1,2,7,112.99199929554,3.340000158641999,3.340000158641999,0.0
339,REX_20251026084543.txt,Rex,116.407999457791,2025-10-26,Beat,Beat safe window end,,1,2,7,112.99199929554,3.4160001622510094,3.4160001622510094,0.0
340,REX_20251026084543.txt,Rex,116.659999469761,2025-10-26,Beat,Beat safe window start,,1,2,7,112.99199929554,3.6680001742210067,3.6680001742210067,0.0
341,REX_20251026084543.txt,Rex,116.735999473371,2025-10-26,Beat,Beat zone start,,1,2,7,112.99199929554,3.7440001778309977,3.7440001778309977,0.0
342,REX_20251026084543.txt,Rex,116.771999475081,2025-10-26,Response,Hit,,1,2,7,112.99199929554,3.7800001795410054,3.7800001795410054,0.0
343,REX_20251026084543.txt,Rex,116.771999475081,2025-10-26,Trial,Trial 8 ended,,1,2,7,112.99199929554,3.7800001795410054,3.7800001795410054,0.0
344,REX_20251026084543.txt,Rex,124.731999297161,2025-10-26,Trial,Trial 9 started,2025-10-26 08:47:44.101,1,2,8,124.731999297161,0.0,0.0,0.0
345,REX_20251026084543.txt,Rex,124.731999297161,2025-10-26,Trial Param,Level,1,1,2,8,124.731999297161,0.0,0.0,0.0
346,REX_20251026084543.txt,Rex,124.731999297161,2025-10-26,Trial Param,Wheel Tempo,0.0373,1,2,8,124.731999297161,0.0,0.0,0.0
347,REX_20251026084543.txt,Rex,124.731999297161,2025-10-26,Trial Param,Event List,"1, 1, 1, 1, 1, 1, 1, 1, 1, 1, 1, 1, 1, 1, 1, 1, 1, 1, 1, 1, 1, 1, 1, 1, 1, 1, 1, 1, 1, 1, 1, 1, 1, 1, 1, 1",1,2,8,124.731999297161,0.0,0.0,0.0
348,REX_20251026084543.txt,Rex,124.731999297161,2025-10-26,Trial Param,Max Beats,20,1,2,8,124.731999297161,0.0,0.0,0.0
349,REX_20251026084543.txt,Rex,124.731999297161,2025-10-26,Trial Param,Target Score,2,1,2,8,124.731999297161,0.0,0.0,0.0
350,REX_20251026084543.txt,Rex,124.731999297161,2025-10-26,Trial Param,Safe Zone Size,6,1,2,8,124.731999297161,0.0,0.0,0.0
351,REX_20251026084543.txt,Rex,124.731999297161,2025-10-26,Trial Param,Beat Zone Size,4,1,2,8,124.731999297161,0.0,0.0,0.0
352,REX_20251026084543.txt,Rex,124.735999297351,2025-10-26,Beat,Beat safe window start,,1,2,8,124.731999297161,0.004000000190004016,0.004000000190004016,0.0
353,REX_20251026084543.txt,Rex,124.735999297351,2025-10-26,Beat,Beat zone start,,1,2,8,124.731999297161,0.004000000190004016,0.004000000190004016,0.0
354,REX_20251026084543.txt,Rex,124.783999299631,2025-10-26,Beat,Beat tick,,1,2,8,124.731999297161,0.052000002470009576,0.052000002470009576,0.0
355,REX_20251026084543.txt,Rex,124.95999930799,2025-10-26,Beat,Beat zone end,,1,2,8,124.731999297161,0.22800001082900678,0.22800001082900678,0.0
356,REX_20251026084543.txt,Rex,125.0359993116,2025-10-26,Beat,Beat safe window end,,1,2,8,124.731999297161,0.3040000144389978,0.3040000144389978,0.0
357,REX_20251026084543.txt,Rex,125.287999323569,2025-10-26,Beat,Beat safe window start,,1,2,8,124.731999297161,0.5560000264080003,0.5560000264080003,0.0
358,REX_20251026084543.txt,Rex,125.363999327179,2025-10-26,Beat,Beat zone start,,1,2,8,124.731999297161,0.6320000300180055,0.6320000300180055,0.0
359,REX_20251026084543.txt,Rex,125.459999331739,2025-10-26,Response,Hit,,1,2,8,124.731999297161,0.7280000345780024,0.7280000345780024,0.0
360,REX_20251026084543.txt,Rex,125.527999334969,2025-10-26,Beat,Beat tick,,1,2,8,124.731999297161,0.7960000378079997,0.7960000378079997,0.0
361,REX_20251026084543.txt,Rex,125.703999343328,2025-10-26,Beat,Beat zone end,,1,2,8,124.731999297161,0.9720000461669969,0.9720000461669969,0.0
362,REX_20251026084543.txt,Rex,125.779999346938,2025-10-26,Beat,Beat safe window end,,1,2,8,124.731999297161,1.0480000497770021,1.0480000497770021,0.0
363,REX_20251026084543.txt,Rex,125.795999347698,2025-10-26,Response,Miss,,1,2,8,124.731999297161,1.064000050537004,1.064000050537004,0.0
364,REX_20251026084543.txt,Rex,126.035999359097,2025-10-26,Beat,Beat safe window start,,1,2,8,124.731999297161,1.3040000619360086,1.3040000619360086,0.0
365,REX_20251026084543.txt,Rex,126.107999362517,2025-10-26,Beat,Beat zone start,,1,2,8,124.731999297161,1.3760000653560098,1.3760000653560098,0.0
366,REX_20251026084543.txt,Rex,126.107999362517,2025-10-26,Response,Hit,,1,2,8,124.731999297161,1.3760000653560098,1.3760000653560098,0.0
367,REX_20251026084543.txt,Rex,126.275999370497,2025-10-26,Beat,Beat tick,,1,2,8,124.731999297161,1.544000073336008,1.544000073336008,0.0
368,REX_20251026084543.txt,Rex,126.451999378856,2025-10-26,Beat,Beat zone end,,1,2,8,124.731999297161,1.7200000816950052,1.7200000816950052,0.0
369,REX_20251026084543.txt,Rex,126.523999382276,2025-10-26,Beat,Beat safe window end,,1,2,8,124.731999297161,1.7920000851150064,1.7920000851150064,0.0
370,REX_20251026084543.txt,Rex,126.563999384176,2025-10-26,Response,Miss,,1,2,8,124.731999297161,1.832000087015004,1.832000087015004,0.0
371,REX_20251026084543.txt,Rex,126.779999394435,2025-10-26,Beat,Beat safe window start,,1,2,8,124.731999297161,2.0480000972739987,2.0480000972739987,0.0
372,REX_20251026084543.txt,Rex,126.851999397855,2025-10-26,Beat,Beat zone start,,1,2,8,124.731999297161,2.120000100694,2.120000100694,0.0
373,REX_20251026084543.txt,Rex,127.019999405835,2025-10-26,Beat,Beat tick,,1,2,8,124.731999297161,2.288000108673998,2.288000108673998,0.0
374,REX_20251026084543.txt,Rex,127.187999413814,2025-10-26,Response,Hit,,1,2,8,124.731999297161,2.4560001166530014,2.4560001166530014,0.0
375,REX_20251026084543.txt,Rex,127.195999414194,2025-10-26,Beat,Beat zone end,,1,2,8,124.731999297161,2.4640001170330095,2.4640001170330095,0.0
376,REX_20251026084543.txt,Rex,127.267999417614,2025-10-26,Beat,Beat safe window end,,1,2,8,124.731999297161,2.5360001204530107,2.5360001204530107,0.0
377,REX_20251026084543.txt,Rex,127.523999429774,2025-10-26,Beat,Beat safe window start,,1,2,8,124.731999297161,2.7920001326129977,2.7920001326129977,0.0
378,REX_20251026084543.txt,Rex,127.599999433383,2025-10-26,Beat,Beat zone start,,1,2,8,124.731999297161,2.8680001362220082,2.8680001362220082,0.0
379,REX_20251026084543.txt,Rex,127.631999434903,2025-10-26,Response,Hit,,1,2,8,124.731999297161,2.9000001377419977,2.9000001377419977,0.0
380,REX_20251026084543.txt,Rex,127.631999434903,2025-10-26,Trial,Trial 9 ended,,1,2,8,124.731999297161,2.9000001377419977,2.9000001377419977,0.0
381,REX_20251026084543.txt,Rex,135.831999251619,2025-10-26,Trial,Trial 10 started,2025-10-26 08:47:56.318,1,2,9,135.831999251619,0.0,0.0,0.0
382,REX_20251026084543.txt,Rex,135.831999251619,2025-10-26,Trial Param,Level,1,1,2,9,135.831999251619,0.0,0.0,0.0
383,REX_20251026084543.txt,Rex,135.831999251619,2025-10-26,Trial Param,Wheel Tempo,0.0373,1,2,9,135.831999251619,0.0,0.0,0.0
384,REX_20251026084543.txt,Rex,135.831999251619,2025-10-26,Trial Param,Event List,"1, 1, 1, 1, 1, 1, 1, 1, 1, 1, 1, 1, 1, 1, 1, 1, 1, 1, 1, 1, 1, 1, 1, 1, 1, 1, 1, 1, 1, 1, 1, 1, 1, 1, 1, 1",1,2,9,135.831999251619,0.0,0.0,0.0
385,REX_20251026084543.txt,Rex,135.831999251619,2025-10-26,Trial Param,Max Beats,20,1,2,9,135.831999251619,0.0,0.0,0.0
386,REX_20251026084543.txt,Rex,135.831999251619,2025-10-26,Trial Param,Target Score,2,1,2,9,135.831999251619,0.0,0.0,0.0
387,REX_20251026084543.txt,Rex,135.831999251619,2025-10-26,Trial Param,Safe Zone Size,6,1,2,9,135.831999251619,0.0,0.0,0.0
388,REX_20251026084543.txt,Rex,135.831999251619,2025-10-26,Trial Param,Beat Zone Size,4,1,2,9,135.831999251619,0.0,0.0,0.0
389,REX_20251026084543.txt,Rex,135.835999251809,2025-10-26,Beat,Beat safe window start,,1,2,9,135.831999251619,0.004000000189989805,0.004000000189989805,0.0
390,REX_20251026084543.txt,Rex,135.835999251809,2025-10-26,Beat,Beat zone start,,1,2,9,135.831999251619,0.004000000189989805,0.004000000189989805,0.0
391,REX_20251026084543.txt,Rex,135.923999255989,2025-10-26,Beat,Beat zone end,,1,2,9,135.831999251619,0.0920000043699929,0.0920000043699929,0.0
392,REX_20251026084543.txt,Rex,135.999999259599,2025-10-26,Beat,Beat safe window end,,1,2,9,135.831999251619,0.16800000797999814,0.16800000797999814,0.0
393,REX_20251026084543.txt,Rex,136.255999271758,2025-10-26,Beat,Beat safe window start,,1,2,9,135.831999251619,0.4240000201389762,0.4240000201389762,0.0
394,REX_20251026084543.txt,Rex,136.327999275178,2025-10-26,Beat,Beat zone start,,1,2,9,135.831999251619,0.49600002355899164,0.49600002355899164,0.0
395,REX_20251026084543.txt,Rex,136.491999282967,2025-10-26,Response,Hit,,1,2,9,135.831999251619,0.6600000313479768,0.6600000313479768,0.0
396,REX_20251026084543.txt,Rex,136.495999283157,2025-10-26,Beat,Beat tick,,1,2,9,135.831999251619,0.664000031537995,0.664000031537995,0.0
397,REX_20251026084543.txt,Rex,136.671999291517,2025-10-26,Beat,Beat zone end,,1,2,9,135.831999251619,0.8400000398980012,0.8400000398980012,0.0
398,REX_20251026084543.txt,Rex,136.743999294937,2025-10-26,Beat,Beat safe window end,,1,2,9,135.831999251619,0.9120000433179882,0.9120000433179882,0.0
399,REX_20251026084543.txt,Rex,136.999999307096,2025-10-26,Beat,Beat safe window start,,1,2,9,135.831999251619,1.1680000554769947,1.1680000554769947,0.0
400,REX_20251026084543.txt,Rex,137.019999308046,2025-10-26,Response,Safe,,1,2,9,135.831999251619,1.1880000564270006,1.1880000564270006,0.0
401,REX_20251026084543.txt,Rex,137.071999310516,2025-10-26,Beat,Beat zone start,,1,2,9,135.831999251619,1.2400000588969817,1.2400000588969817,0.0
402,REX_20251026084543.txt,Rex,137.239999318495,2025-10-26,Beat,Beat tick,,1,2,9,135.831999251619,1.4080000668759851,1.4080000668759851,0.0
403,REX_20251026084543.txt,Rex,137.415999326855,2025-10-26,Beat,Beat zone end,,1,2,9,135.831999251619,1.5840000752359913,1.5840000752359913,0.0
404,REX_20251026084543.txt,Rex,137.451999328565,2025-10-26,Response,Miss (already hit),,1,2,9,135.831999251619,1.6200000769459848,1.6200000769459848,0.0
405,REX_20251026084543.txt,Rex,137.487999330275,2025-10-26,Beat,Beat safe window end,,1,2,9,135.831999251619,1.6560000786559783,1.6560000786559783,0.0
406,REX_20251026084543.txt,Rex,137.743999342434,2025-10-26,Beat,Beat safe window start,,1,2,9,135.831999251619,1.9120000908149848,1.9120000908149848,0.0
407,REX_20251026084543.txt,Rex,137.819999346044,2025-10-26,Beat,Beat zone start,,1,2,9,135.831999251619,1.98800009442499,1.98800009442499,0.0
408,REX_20251026084543.txt,Rex,137.919999350794,2025-10-26,Response,Hit,,1,2,9,135.831999251619,2.088000099174991,2.088000099174991,0.0
409,REX_20251026084543.txt,Rex,137.983999353833,2025-10-26,Beat,Beat tick,,1,2,9,135.831999251619,2.1520001022140036,2.1520001022140036,0.0
410,REX_20251026084543.txt,Rex,138.159999362193,2025-10-26,Beat,Beat zone end,,1,2,9,135.831999251619,2.3280001105739814,2.3280001105739814,0.0
411,REX_20251026084543.txt,Rex,138.235999365803,2025-10-26,Beat,Beat safe window end,,1,2,9,135.831999251619,2.4040001141839866,2.4040001141839866,0.0
412,REX_20251026084543.txt,Rex,138.327999370173,2025-10-26,Response,Miss,,1,2,9,135.831999251619,2.4960001185539795,2.4960001185539795,0.0
413,REX_20251026084543.txt,Rex,138.487999377772,2025-10-26,Beat,Beat safe window start,,1,2,9,135.831999251619,2.6560001261530033,2.6560001261530033,0.0
414,REX_20251026084543.txt,Rex,138.563999381382,2025-10-26,Beat,Beat zone start,,1,2,9,135.831999251619,2.73200012976298,2.73200012976298,0.0
415,REX_20251026084543.txt,Rex,138.727999389172,2025-10-26,Beat,Beat tick,,1,2,9,135.831999251619,2.8960001375529885,2.8960001375529885,0.0
416,REX_20251026084543.txt,Rex,138.783999391831,2025-10-26,Response,Hit,,1,2,9,135.831999251619,2.952000140211993,2.952000140211993,0.0
417,REX_20251026084543.txt,Rex,138.903999397531,2025-10-26,Beat,Beat zone end,,1,2,9,135.831999251619,3.072000145912,3.072000145912,0.0
418,REX_20251026084543.txt,Rex,138.979999401141,2025-10-26,Beat,Beat safe window end,,1,2,9,135.831999251619,3.1480001495219767,3.1480001495219767,0.0
419,REX_20251026084543.txt,Rex,139.23199941311,2025-10-26,Beat,Beat safe window start,,1,2,9,135.831999251619,3.4000001614909934,3.4000001614909934,0.0
420,REX_20251026084543.txt,Rex,139.30799941672,2025-10-26,Beat,Beat zone start,,1,2,9,135.831999251619,3.4760001651009986,3.4760001651009986,0.0
421,REX_20251026084543.txt,Rex,139.43199942261,2025-10-26,Response,Hit,,1,2,9,135.831999251619,3.6000001709909952,3.6000001709909952,0.0
422,REX_20251026084543.txt,Rex,139.43199942261,2025-10-26,Trial,Trial 10 ended,,1,2,9,135.831999251619,3.6000001709909952,3.6000001709909952,0.0
423,REX_20251026084543.txt,Rex,148.951999209821,2025-10-26,Trial,Trial 11 started,2025-10-26 08:48:10.852,1,2,10,148.951999209821,0.0,0.0,0.0
424,REX_20251026084543.txt,Rex,148.951999209821,2025-10-26,Trial Param,Level,1,1,2,10,148.951999209821,0.0,0.0,0.0
425,REX_20251026084543.txt,Rex,148.951999209821,2025-10-26,Trial Param,Wheel Tempo,0.0373,1,2,10,148.951999209821,0.0,0.0,0.0
426,REX_20251026084543.txt,Rex,148.951999209821,2025-10-26,Trial Param,Event List,"1, 1, 1, 1, 1, 1, 1, 1, 1, 1, 1, 1, 1, 1, 1, 1, 1, 1, 1, 1, 1, 1, 1, 1, 1, 1, 1, 1, 1, 1, 1, 1, 1, 1, 1, 1",1,2,10,148.951999209821,0.0,0.0,0.0
427,REX_20251026084543.txt,Rex,148.951999209821,2025-10-26,Trial Param,Max Beats,20,1,2,10,148.951999209821,0.0,0.0,0.0
428,REX_20251026084543.txt,Rex,148.951999209821,2025-10-26,Trial Param,Target Score,2,1,2,10,148.951999209821,0.0,0.0,0.0
429,REX_20251026084543.txt,Rex,148.951999209821,2025-10-26,Trial Param,Safe Zone Size,6,1,2,10,148.951999209821,0.0,0.0,0.0
430,REX_20251026084543.txt,Rex,148.951999209821,2025-10-26,Trial Param,Beat Zone Size,4,1,2,10,148.951999209821,0.0,0.0,0.0
431,REX_20251026084543.txt,Rex,148.955999210011,2025-10-26,Beat,Beat safe window start,,1,2,10,148.951999209821,0.004000000189989805,0.004000000189989805,0.0
432,REX_20251026084543.txt,Rex,148.955999210011,2025-10-26,Beat,Beat zone start,,1,2,10,148.951999209821,0.004000000189989805,0.004000000189989805,0.0
433,REX_20251026084543.txt,Rex,148.999999212101,2025-10-26,Beat,Beat zone end,,1,2,10,148.951999209821,0.04800000227999135,0.04800000227999135,0.0
434,REX_20251026084543.txt,Rex,149.075999215711,2025-10-26,Beat,Beat safe window end,,1,2,10,148.951999209821,0.1240000058899966,0.1240000058899966,0.0
435,REX_20251026084543.txt,Rex,149.32799922768,2025-10-26,Beat,Beat safe window start,,1,2,10,148.951999209821,0.37600001785901327,0.37600001785901327,0.0
436,REX_20251026084543.txt,Rex,149.40399923129,2025-10-26,Beat,Beat zone start,,1,2,10,148.951999209821,0.4520000214689901,0.4520000214689901,0.0
437,REX_20251026084543.txt,Rex,149.45999923395,2025-10-26,Response,Hit,,1,2,10,148.951999209821,0.5080000241289895,0.5080000241289895,0.0
438,REX_20251026084543.txt,Rex,149.56799923908,2025-10-26,Beat,Beat tick,,1,2,10,148.951999209821,0.6160000292589984,0.6160000292589984,0.0
439,REX_20251026084543.txt,Rex,149.743999247439,2025-10-26,Beat,Beat zone end,,1,2,10,148.951999209821,0.7920000376180099,0.7920000376180099,0.0
440,REX_20251026084543.txt,Rex,149.819999251049,2025-10-26,Beat,Beat safe window end,,1,2,10,148.951999209821,0.8680000412280151,0.8680000412280151,0.0
441,REX_20251026084543.txt,Rex,149.879999253899,2025-10-26,Response,Miss,,1,2,10,148.951999209821,0.9280000440780043,0.9280000440780043,0.0
442,REX_20251026084543.txt,Rex,150.075999263208,2025-10-26,Beat,Beat safe window start,,1,2,10,148.951999209821,1.1240000533869932,1.1240000533869932,0.0
443,REX_20251026084543.txt,Rex,150.147999266628,2025-10-26,Beat,Beat zone start,,1,2,10,148.951999209821,1.1960000568070086,1.1960000568070086,0.0
444,REX_20251026084543.txt,Rex,150.275999272708,2025-10-26,Response,Hit,,1,2,10,148.951999209821,1.324000062886995,1.324000062886995,0.0
445,REX_20251026084543.txt,Rex,150.315999274608,2025-10-26,Beat,Beat tick,,1,2,10,148.951999209821,1.3640000647870067,1.3640000647870067,0.0
446,REX_20251026084543.txt,Rex,150.491999282967,2025-10-26,Beat,Beat zone end,,1,2,10,148.951999209821,1.5400000731459897,1.5400000731459897,0.0
447,REX_20251026084543.txt,Rex,150.563999286387,2025-10-26,Beat,Beat safe window end,,1,2,10,148.951999209821,1.6120000765660052,1.6120000765660052,0.0
448,REX_20251026084543.txt,Rex,150.635999289807,2025-10-26,Response,Miss,,1,2,10,148.951999209821,1.6840000799859922,1.6840000799859922,0.0
449,REX_20251026084543.txt,Rex,150.819999298546,2025-10-26,Beat,Beat safe window start,,1,2,10,148.951999209821,1.8680000887250117,1.8680000887250117,0.0
450,REX_20251026084543.txt,Rex,150.891999301966,2025-10-26,Beat,Beat zone start,,1,2,10,148.951999209821,1.9400000921449987,1.9400000921449987,0.0
451,REX_20251026084543.txt,Rex,151.031999308616,2025-10-26,Response,Hit,,1,2,10,148.951999209821,2.0800000987950114,2.0800000987950114,0.0
452,REX_20251026084543.txt,Rex,151.059999309946,2025-10-26,Beat,Beat tick,,1,2,10,148.951999209821,2.108000100124997,2.108000100124997,0.0
453,REX_20251026084543.txt,Rex,151.235999318305,2025-10-26,Beat,Beat zone end,,1,2,10,148.951999209821,2.2840001084840083,2.2840001084840083,0.0
454,REX_20251026084543.txt,Rex,151.307999321725,2025-10-26,Beat,Beat safe window end,,1,2,10,148.951999209821,2.3560001119039953,2.3560001119039953,0.0
455,REX_20251026084543.txt,Rex,151.427999327425,2025-10-26,Response,Miss,,1,2,10,148.951999209821,2.476000117604002,2.476000117604002,0.0
456,REX_20251026084543.txt,Rex,151.563999333885,2025-10-26,Beat,Beat safe window start,,1,2,10,148.951999209821,2.6120001240639965,2.6120001240639965,0.0
457,REX_20251026084543.txt,Rex,151.639999337494,2025-10-26,Beat,Beat zone start,,1,2,10,148.951999209821,2.688000127673007,2.688000127673007,0.0
458,REX_20251026084543.txt,Rex,151.803999345284,2025-10-26,Beat,Beat tick,,1,2,10,148.951999209821,2.8520001354630153,2.8520001354630153,0.0
459,REX_20251026084543.txt,Rex,151.847999347374,2025-10-26,Response,Hit,,1,2,10,148.951999209821,2.896000137553017,2.896000137553017,0.0
460,REX_20251026084543.txt,Rex,151.979999353644,2025-10-26,Beat,Beat zone end,,1,2,10,148.951999209821,3.028000143822993,3.028000143822993,0.0
461,REX_20251026084543.txt,Rex,152.055999357253,2025-10-26,Beat,Beat safe window end,,1,2,10,148.951999209821,3.1040001474320036,3.1040001474320036,0.0
462,REX_20251026084543.txt,Rex,152.307999369223,2025-10-26,Beat,Beat safe window start,,1,2,10,148.951999209821,3.356000159402015,3.356000159402015,0.0
463,REX_20251026084543.txt,Rex,152.383999372832,2025-10-26,Beat,Beat zone start,,1,2,10,148.951999209821,3.432000163010997,3.432000163010997,0.0
464,REX_20251026084543.txt,Rex,152.547999380622,2025-10-26,Beat,Beat tick,,1,2,10,148.951999209821,3.5960001708010054,3.5960001708010054,0.0
465,REX_20251026084543.txt,Rex,152.723999388982,2025-10-26,Beat,Beat zone end,,1,2,10,148.951999209821,3.7720001791610116,3.7720001791610116,0.0
466,REX_20251026084543.txt,Rex,152.747999390122,2025-10-26,Response,Safe,,1,2,10,148.951999209821,3.7960001803010073,3.7960001803010073,0.0
467,REX_20251026084543.txt,Rex,152.799999392591,2025-10-26,Beat,Beat safe window end,,1,2,10,148.951999209821,3.8480001827699937,3.8480001827699937,0.0
468,REX_20251026084543.txt,Rex,153.051999404561,2025-10-26,Beat,Beat safe window start,,1,2,10,148.951999209821,4.100000194740005,4.100000194740005,0.0
469,REX_20251026084543.txt,Rex,153.127999408171,2025-10-26,Beat,Beat zone start,,1,2,10,148.951999209821,4.17600019835001,4.17600019835001,0.0
470,REX_20251026084543.txt,Rex,153.29199941596,2025-10-26,Beat,Beat tick,,1,2,10,148.951999209821,4.3400002061389955,4.3400002061389955,0.0
471,REX_20251026084543.txt,Rex,153.31199941691,2025-10-26,Response,Hit,,1,2,10,148.951999209821,4.360000207089001,4.360000207089001,0.0
472,REX_20251026084543.txt,Rex,153.31199941691,2025-10-26,Trial,Trial 11 ended,,1,2,10,148.951999209821,4.360000207089001,4.360000207089001,0.0
473,REX_20251026084543.txt,Rex,160.631999253295,2025-10-26,Trial,Trial 12 started,2025-10-26 08:48:24.219,1,2,11,160.631999253295,0.0,0.0,0.0
474,REX_20251026084543.txt,Rex,160.631999253295,2025-10-26,Trial Param,Level,1,1,2,11,160.631999253295,0.0,0.0,0.0
475,REX_20251026084543.txt,Rex,160.631999253295,2025-10-26,Trial Param,Wheel Tempo,0.0373,1,2,11,160.631999253295,0.0,0.0,0.0
476,REX_20251026084543.txt,Rex,160.631999253295,2025-10-26,Trial Param,Event List,"1, 1, 1, 1, 1, 1, 1, 1, 1, 1, 1, 1, 1, 1, 1, 1, 1, 1, 1, 1, 1, 1, 1, 1, 1, 1, 1, 1, 1, 1, 1, 1, 1, 1, 1, 1",1,2,11,160.631999253295,0.0,0.0,0.0
477,REX_20251026084543.txt,Rex,160.631999253295,2025-10-26,Trial Param,Max Beats,20,1,2,11,160.631999253295,0.0,0.0,0.0
478,REX_20251026084543.txt,Rex,160.631999253295,2025-10-26,Trial Param,Target Score,2,1,2,11,160.631999253295,0.0,0.0,0.0
479,REX_20251026084543.txt,Rex,160.631999253295,2025-10-26,Trial Param,Safe Zone Size,6,1,2,11,160.631999253295,0.0,0.0,0.0
480,REX_20251026084543.txt,Rex,160.631999253295,2025-10-26,Trial Param,Beat Zone Size,4,1,2,11,160.631999253295,0.0,0.0,0.0
481,REX_20251026084543.txt,Rex,160.635999253485,2025-10-26,Beat,Beat safe window start,,1,2,11,160.631999253295,0.004000000190018227,0.004000000190018227,0.0
482,REX_20251026084543.txt,Rex,160.635999253485,2025-10-26,Beat,Beat zone start,,1,2,11,160.631999253295,0.004000000190018227,0.004000000190018227,0.0
483,REX_20251026084543.txt,Rex,160.695999256335,2025-10-26,Beat,Beat zone end,,1,2,11,160.631999253295,0.06400000304000741,0.06400000304000741,0.0
484,REX_20251026084543.txt,Rex,160.771999259945,2025-10-26,Beat,Beat safe window end,,1,2,11,160.631999253295,0.14000000665001266,0.14000000665001266,0.0
485,REX_20251026084543.txt,Rex,161.023999271914,2025-10-26,Beat,Beat safe window start,,1,2,11,160.631999253295,0.3920000186190009,0.3920000186190009,0.0
486,REX_20251026084543.txt,Rex,161.099999275524,2025-10-26,Beat,Beat zone start,,1,2,11,160.631999253295,0.46800002222900616,0.46800002222900616,0.0
487,REX_20251026084543.txt,Rex,161.263999283314,2025-10-26,Beat,Beat tick,,1,2,11,160.631999253295,0.6320000300190145,0.6320000300190145,0.0
488,REX_20251026084543.txt,Rex,161.439999291673,2025-10-26,Beat,Beat zone end,,1,2,11,160.631999253295,0.8080000383779975,0.8080000383779975,0.0
489,REX_20251026084543.txt,Rex,161.515999295283,2025-10-26,Beat,Beat safe window end,,1,2,11,160.631999253295,0.8840000419880027,0.8840000419880027,0.0
490,REX_20251026084543.txt,Rex,161.675999302883,2025-10-26,Response,Miss,,1,2,11,160.631999253295,1.0440000495880213,1.0440000495880213,0.0
491,REX_20251026084543.txt,Rex,161.767999307252,2025-10-26,Beat,Beat safe window start,,1,2,11,160.631999253295,1.1360000539570194,1.1360000539570194,0.0
492,REX_20251026084543.txt,Rex,161.843999310862,2025-10-26,Beat,Beat zone start,,1,2,11,160.631999253295,1.2120000575669962,1.2120000575669962,0.0
493,REX_20251026084543.txt,Rex,162.007999318652,2025-10-26,Beat,Beat tick,,1,2,11,160.631999253295,1.3760000653570046,1.3760000653570046,0.0
494,REX_20251026084543.txt,Rex,162.047999320552,2025-10-26,Response,Hit,,1,2,11,160.631999253295,1.4160000672570163,1.4160000672570163,0.0
495,REX_20251026084543.txt,Rex,162.183999327011,2025-10-26,Beat,Beat zone end,,1,2,11,160.631999253295,1.552000073716016,1.552000073716016,0.0
496,REX_20251026084543.txt,Rex,162.259999330621,2025-10-26,Beat,Beat safe window end,,1,2,11,160.631999253295,1.6280000773260213,1.6280000773260213,0.0
497,REX_20251026084543.txt,Rex,162.515999342781,2025-10-26,Beat,Beat safe window start,,1,2,11,160.631999253295,1.884000089485994,1.884000089485994,0.0
498,REX_20251026084543.txt,Rex,162.5879993462,2025-10-26,Beat,Beat zone start,,1,2,11,160.631999253295,1.9560000929050148,1.9560000929050148,0.0
499,REX_20251026084543.txt,Rex,162.63599934848,2025-10-26,Response,Hit,,1,2,11,160.631999253295,2.004000095185006,2.004000095185006,0.0
500,REX_20251026084543.txt,Rex,162.63599934848,2025-10-26,Trial,Trial 12 ended,,1,2,11,160.631999253295,2.004000095185006,2.004000095185006,0.0
501,REX_20251026084543.txt,Rex,172.035999138374,2025-10-26,Trial,Trial 13 started,2025-10-26 08:48:36.387,1,2,12,172.035999138374,0.0,0.0,0.0
502,REX_20251026084543.txt,Rex,172.035999138374,2025-10-26,Trial Param,Level,1,1,2,12,172.035999138374,0.0,0.0,0.0
503,REX_20251026084543.txt,Rex,172.035999138374,2025-10-26,Trial Param,Wheel Tempo,0.0373,1,2,12,172.035999138374,0.0,0.0,0.0
504,REX_20251026084543.txt,Rex,172.035999138374,2025-10-26,Trial Param,Event List,"1, 1, 1, 1, 1, 1, 1, 1, 1, 1, 1, 1, 1, 1, 1, 1, 1, 1, 1, 1, 1, 1, 1, 1, 1, 1, 1, 1, 1, 1, 1, 1, 1, 1, 1, 1",1,2,12,172.035999138374,0.0,0.0,0.0
505,REX_20251026084543.txt,Rex,172.035999138374,2025-10-26,Trial Param,Max Beats,20,1,2,12,172.035999138374,0.0,0.0,0.0
506,REX_20251026084543.txt,Rex,172.035999138374,2025-10-26,Trial Param,Target Score,2,1,2,12,172.035999138374,0.0,0.0,0.0
507,REX_20251026084543.txt,Rex,172.035999138374,2025-10-26,Trial Param,Safe Zone Size,6,1,2,12,172.035999138374,0.0,0.0,0.0
508,REX_20251026084543.txt,Rex,172.035999138374,2025-10-26,Trial Param,Beat Zone Size,4,1,2,12,172.035999138374,0.0,0.0,0.0
509,REX_20251026084543.txt,Rex,172.039999138564,2025-10-26,Beat,Beat safe window start,,1,2,12,172.035999138374,0.004000000190018227,0.004000000190018227,0.0
510,REX_20251026084543.txt,Rex,172.051999139134,2025-10-26,Beat,Beat safe window end,,1,2,12,172.035999138374,0.016000000760016064,0.016000000760016064,0.0
511,REX_20251026084543.txt,Rex,172.307999151293,2025-10-26,Beat,Beat safe window start,,1,2,12,172.035999138374,0.2720000129189941,0.2720000129189941,0.0
512,REX_20251026084543.txt,Rex,172.379999154713,2025-10-26,Beat,Beat zone start,,1,2,12,172.035999138374,0.34400001633900956,0.34400001633900956,0.0
513,REX_20251026084543.txt,Rex,172.547999162693,2025-10-26,Beat,Beat tick,,1,2,12,172.035999138374,0.5120000243190077,0.5120000243190077,0.0
514,REX_20251026084543.txt,Rex,172.575999164023,2025-10-26,Response,Hit,,1,2,12,172.035999138374,0.5400000256489932,0.5400000256489932,0.0
515,REX_20251026084543.txt,Rex,172.723999171052,2025-10-26,Beat,Beat zone end,,1,2,12,172.035999138374,0.6880000326779907,0.6880000326779907,0.0
516,REX_20251026084543.txt,Rex,172.795999174472,2025-10-26,Beat,Beat safe window end,,1,2,12,172.035999138374,0.7600000360980061,0.7600000360980061,0.0
517,REX_20251026084543.txt,Rex,172.911999179982,2025-10-26,Response,Miss,,1,2,12,172.035999138374,0.8760000416079947,0.8760000416079947,0.0
518,REX_20251026084543.txt,Rex,173.051999186631,2025-10-26,Beat,Beat safe window start,,1,2,12,172.035999138374,1.0160000482570126,1.0160000482570126,0.0
519,REX_20251026084543.txt,Rex,173.127999190241,2025-10-26,Beat,Beat zone start,,1,2,12,172.035999138374,1.0920000518670179,1.0920000518670179,0.0
520,REX_20251026084543.txt,Rex,173.291999198031,2025-10-26,Beat,Beat tick,,1,2,12,172.035999138374,1.2560000596569978,1.2560000596569978,0.0
521,REX_20251026084543.txt,Rex,173.46799920639,2025-10-26,Beat,Beat zone end,,1,2,12,172.035999138374,1.4320000680160092,1.4320000680160092,0.0
522,REX_20251026084543.txt,Rex,173.54399921,2025-10-26,Beat,Beat safe window end,,1,2,12,172.035999138374,1.5080000716260145,1.5080000716260145,0.0
523,REX_20251026084543.txt,Rex,173.69199921703,2025-10-26,Response,Miss,,1,2,12,172.035999138374,1.6560000786560067,1.6560000786560067,0.0
524,REX_20251026084543.txt,Rex,173.795999221969,2025-10-26,Beat,Beat safe window start,,1,2,12,172.035999138374,1.7600000835950027,1.7600000835950027,0.0
525,REX_20251026084543.txt,Rex,173.871999225579,2025-10-26,Beat,Beat zone start,,1,2,12,172.035999138374,1.836000087205008,1.836000087205008,0.0
526,REX_20251026084543.txt,Rex,173.991999231279,2025-10-26,Response,Hit,,1,2,12,172.035999138374,1.9560000929050148,1.9560000929050148,0.0
527,REX_20251026084543.txt,Rex,174.035999233369,2025-10-26,Beat,Beat tick,,1,2,12,172.035999138374,2.0000000949950163,2.0000000949950163,0.0
528,REX_20251026084543.txt,Rex,174.211999241728,2025-10-26,Beat,Beat zone end,,1,2,12,172.035999138374,2.1760001033539993,2.1760001033539993,0.0
529,REX_20251026084543.txt,Rex,174.287999245338,2025-10-26,Beat,Beat safe window end,,1,2,12,172.035999138374,2.2520001069640045,2.2520001069640045,0.0
530,REX_20251026084543.txt,Rex,174.507999255788,2025-10-26,Response,Miss,,1,2,12,172.035999138374,2.4720001174140123,2.4720001174140123,0.0
531,REX_20251026084543.txt,Rex,174.539999257307,2025-10-26,Beat,Beat safe window start,,1,2,12,172.035999138374,2.504000118932993,2.504000118932993,0.0
532,REX_20251026084543.txt,Rex,174.615999260917,2025-10-26,Beat,Beat zone start,,1,2,12,172.035999138374,2.580000122542998,2.580000122542998,0.0
533,REX_20251026084543.txt,Rex,174.779999268707,2025-10-26,Beat,Beat tick,,1,2,12,172.035999138374,2.7440001303330064,2.7440001303330064,0.0
534,REX_20251026084543.txt,Rex,174.879999273457,2025-10-26,Response,Hit,,1,2,12,172.035999138374,2.8440001350830073,2.8440001350830073,0.0
535,REX_20251026084543.txt,Rex,174.955999277066,2025-10-26,Beat,Beat zone end,,1,2,12,172.035999138374,2.920000138692018,2.920000138692018,0.0
536,REX_20251026084543.txt,Rex,175.031999280676,2025-10-26,Beat,Beat safe window end,,1,2,12,172.035999138374,2.9960001423019946,2.9960001423019946,0.0
537,REX_20251026084543.txt,Rex,175.287999292836,2025-10-26,Beat,Beat safe window start,,1,2,12,172.035999138374,3.252000154461996,3.252000154461996,0.0
538,REX_20251026084543.txt,Rex,175.359999296255,2025-10-26,Beat,Beat zone start,,1,2,12,172.035999138374,3.3240001578810165,3.3240001578810165,0.0
539,REX_20251026084543.txt,Rex,175.371999296825,2025-10-26,Response,Hit,,1,2,12,172.035999138374,3.3360001584510144,3.3360001584510144,0.0
540,REX_20251026084543.txt,Rex,175.371999296825,2025-10-26,Trial,Trial 13 ended,,1,2,12,172.035999138374,3.3360001584510144,3.3360001584510144,0.0
541,REX_20251026084543.txt,Rex,184.191999099683,2025-10-26,Trial,Trial 14 started,2025-10-26 08:48:49.838,1,2,13,184.191999099683,0.0,0.0,0.0
542,REX_20251026084543.txt,Rex,184.191999099683,2025-10-26,Trial Param,Level,1,1,2,13,184.191999099683,0.0,0.0,0.0
543,REX_20251026084543.txt,Rex,184.191999099683,2025-10-26,Trial Param,Wheel Tempo,0.0373,1,2,13,184.191999099683,0.0,0.0,0.0
544,REX_20251026084543.txt,Rex,184.191999099683,2025-10-26,Trial Param,Event List,"1, 1, 1, 1, 1, 1, 1, 1, 1, 1, 1, 1, 1, 1, 1, 1, 1, 1, 1, 1, 1, 1, 1, 1, 1, 1, 1, 1, 1, 1, 1, 1, 1, 1, 1, 1",1,2,13,184.191999099683,0.0,0.0,0.0
545,REX_20251026084543.txt,Rex,184.191999099683,2025-10-26,Trial Param,Max Beats,20,1,2,13,184.191999099683,0.0,0.0,0.0
546,REX_20251026084543.txt,Rex,184.191999099683,2025-10-26,Trial Param,Target Score,2,1,2,13,184.191999099683,0.0,0.0,0.0
547,REX_20251026084543.txt,Rex,184.191999099683,2025-10-26,Trial Param,Safe Zone Size,6,1,2,13,184.191999099683,0.0,0.0,0.0
548,REX_20251026084543.txt,Rex,184.191999099683,2025-10-26,Trial Param,Beat Zone Size,4,1,2,13,184.191999099683,0.0,0.0,0.0
549,REX_20251026084543.txt,Rex,184.303999105003,2025-10-26,Beat,Beat safe window start,,1,2,13,184.191999099683,0.11200000531999876,0.11200000531999876,0.0
550,REX_20251026084543.txt,Rex,184.379999108613,2025-10-26,Beat,Beat zone start,,1,2,13,184.191999099683,0.18800000893000401,0.18800000893000401,0.0
551,REX_20251026084543.txt,Rex,184.543999116402,2025-10-26,Beat,Beat tick,,1,2,13,184.191999099683,0.3520000167190176,0.3520000167190176,0.0
552,REX_20251026084543.txt,Rex,184.683999123052,2025-10-26,Response,Hit,,1,2,13,184.191999099683,0.49200002336900184,0.49200002336900184,0.0
553,REX_20251026084543.txt,Rex,184.719999124762,2025-10-26,Beat,Beat zone end,,1,2,13,184.191999099683,0.5280000250790238,0.5280000250790238,0.0
554,REX_20251026084543.txt,Rex,184.795999128371,2025-10-26,Beat,Beat safe window end,,1,2,13,184.191999099683,0.6040000286880058,0.6040000286880058,0.0
555,REX_20251026084543.txt,Rex,184.983999137301,2025-10-26,Response,Miss,,1,2,13,184.191999099683,0.7920000376180099,0.7920000376180099,0.0
556,REX_20251026084543.txt,Rex,185.051999140531,2025-10-26,Beat,Beat safe window start,,1,2,13,184.191999099683,0.8600000408480071,0.8600000408480071,0.0
557,REX_20251026084543.txt,Rex,185.123999143951,2025-10-26,Beat,Beat zone start,,1,2,13,184.191999099683,0.9320000442680225,0.9320000442680225,0.0
558,REX_20251026084543.txt,Rex,185.27199915098,2025-10-26,Response,Hit,,1,2,13,184.191999099683,1.08000005129702,1.08000005129702,0.0
559,REX_20251026084543.txt,Rex,185.29199915193,2025-10-26,Beat,Beat tick,,1,2,13,184.191999099683,1.100000052247026,1.100000052247026,0.0
560,REX_20251026084543.txt,Rex,185.46799916029,2025-10-26,Beat,Beat zone end,,1,2,13,184.191999099683,1.2760000606070037,1.2760000606070037,0.0
561,REX_20251026084543.txt,Rex,185.53999916371,2025-10-26,Beat,Beat safe window end,,1,2,13,184.191999099683,1.348000064027019,1.348000064027019,0.0
562,REX_20251026084543.txt,Rex,185.595999166369,2025-10-26,Response,Miss,,1,2,13,184.191999099683,1.4040000666860237,1.4040000666860237,0.0
563,REX_20251026084543.txt,Rex,185.795999175869,2025-10-26,Beat,Beat safe window start,,1,2,13,184.191999099683,1.6040000761860256,1.6040000761860256,0.0
564,REX_20251026084543.txt,Rex,185.867999179289,2025-10-26,Beat,Beat zone start,,1,2,13,184.191999099683,1.6760000796060126,1.6760000796060126,0.0
565,REX_20251026084543.txt,Rex,186.003999185748,2025-10-26,Response,Hit,,1,2,13,184.191999099683,1.8120000860650123,1.8120000860650123,0.0
566,REX_20251026084543.txt,Rex,186.035999187268,2025-10-26,Beat,Beat tick,,1,2,13,184.191999099683,1.844000087585016,1.844000087585016,0.0
567,REX_20251026084543.txt,Rex,186.211999195628,2025-10-26,Beat,Beat zone end,,1,2,13,184.191999099683,2.020000095945022,2.020000095945022,0.0
568,REX_20251026084543.txt,Rex,186.283999199048,2025-10-26,Beat,Beat safe window end,,1,2,13,184.191999099683,2.092000099365009,2.092000099365009,0.0
569,REX_20251026084543.txt,Rex,186.539999211207,2025-10-26,Beat,Beat safe window start,,1,2,13,184.191999099683,2.3480001115240157,2.3480001115240157,0.0
570,REX_20251026084543.txt,Rex,186.555999211967,2025-10-26,Response,Safe,,1,2,13,184.191999099683,2.3640001122840033,2.3640001122840033,0.0
571,REX_20251026084543.txt,Rex,186.615999214817,2025-10-26,Beat,Beat zone start,,1,2,13,184.191999099683,2.424000115134021,2.424000115134021,0.0
572,REX_20251026084543.txt,Rex,186.779999222606,2025-10-26,Beat,Beat tick,,1,2,13,184.191999099683,2.588000122923006,2.588000122923006,0.0
573,REX_20251026084543.txt,Rex,186.955999230966,2025-10-26,Beat,Beat zone end,,1,2,13,184.191999099683,2.7640001312830123,2.7640001312830123,0.0
574,REX_20251026084543.txt,Rex,187.031999234576,2025-10-26,Beat,Beat safe window end,,1,2,13,184.191999099683,2.8400001348930175,2.8400001348930175,0.0
575,REX_20251026084543.txt,Rex,187.059999235906,2025-10-26,Response,Miss,,1,2,13,184.191999099683,2.868000136223003,2.868000136223003,0.0
576,REX_20251026084543.txt,Rex,187.283999246545,2025-10-26,Beat,Beat safe window start,,1,2,13,184.191999099683,3.0920001468620057,3.0920001468620057,0.0
577,REX_20251026084543.txt,Rex,187.359999250155,2025-10-26,Beat,Beat zone start,,1,2,13,184.191999099683,3.168000150472011,3.168000150472011,0.0
578,REX_20251026084543.txt,Rex,187.407999252435,2025-10-26,Response,Hit,,1,2,13,184.191999099683,3.2160001527520024,3.2160001527520024,0.0
579,REX_20251026084543.txt,Rex,187.523999257945,2025-10-26,Beat,Beat tick,,1,2,13,184.191999099683,3.3320001582620193,3.3320001582620193,0.0
580,REX_20251026084543.txt,Rex,187.699999266304,2025-10-26,Beat,Beat zone end,,1,2,13,184.191999099683,3.5080001666210023,3.5080001666210023,0.0
581,REX_20251026084543.txt,Rex,187.775999269914,2025-10-26,Beat,Beat safe window end,,1,2,13,184.191999099683,3.5840001702310076,3.5840001702310076,0.0
582,REX_20251026084543.txt,Rex,187.851999273524,2025-10-26,Response,Miss,,1,2,13,184.191999099683,3.660000173841013,3.660000173841013,0.0
583,REX_20251026084543.txt,Rex,188.027999281883,2025-10-26,Beat,Beat safe window start,,1,2,13,184.191999099683,3.8360001822000243,3.8360001822000243,0.0
584,REX_20251026084543.txt,Rex,188.103999285493,2025-10-26,Beat,Beat zone start,,1,2,13,184.191999099683,3.912000185810001,3.912000185810001,0.0
585,REX_20251026084543.txt,Rex,188.267999293283,2025-10-26,Beat,Beat tick,,1,2,13,184.191999099683,4.076000193600009,4.076000193600009,0.0
586,REX_20251026084543.txt,Rex,188.283999294043,2025-10-26,Response,Hit,,1,2,13,184.191999099683,4.0920001943600255,4.0920001943600255,0.0
587,REX_20251026084543.txt,Rex,188.443999301642,2025-10-26,Beat,Beat zone end,,1,2,13,184.191999099683,4.252000201959021,4.252000201959021,0.0
588,REX_20251026084543.txt,Rex,188.519999305252,2025-10-26,Beat,Beat safe window end,,1,2,13,184.191999099683,4.328000205569026,4.328000205569026,0.0
589,REX_20251026084543.txt,Rex,188.703999313992,2025-10-26,Response,Miss,,1,2,13,184.191999099683,4.512000214309012,4.512000214309012,0.0
590,REX_20251026084543.txt,Rex,188.775999317411,2025-10-26,Beat,Beat safe window start,,1,2,13,184.191999099683,4.584000217728004,4.584000217728004,0.0
591,REX_20251026084543.txt,Rex,188.847999320831,2025-10-26,Beat,Beat zone start,,1,2,13,184.191999099683,4.65600022114802,4.65600022114802,0.0
592,REX_20251026084543.txt,Rex,189.015999328811,2025-10-26,Beat,Beat tick,,1,2,13,184.191999099683,4.824000229128018,4.824000229128018,0.0
593,REX_20251026084543.txt,Rex,189.075999331661,2025-10-26,Response,Hit,,1,2,13,184.191999099683,4.884000231978007,4.884000231978007,0.0
594,REX_20251026084543.txt,Rex,189.19199933717,2025-10-26,Beat,Beat zone end,,1,2,13,184.191999099683,5.000000237487001,5.000000237487001,0.0
595,REX_20251026084543.txt,Rex,189.26399934059,2025-10-26,Beat,Beat safe window end,,1,2,13,184.191999099683,5.072000240907016,5.072000240907016,0.0
596,REX_20251026084543.txt,Rex,189.495999351609,2025-10-26,Response,Miss,,1,2,13,184.191999099683,5.3040002519259986,5.3040002519259986,0.0
597,REX_20251026084543.txt,Rex,189.519999352749,2025-10-26,Beat,Beat safe window start,,1,2,13,184.191999099683,5.328000253066023,5.328000253066023,0.0
598,REX_20251026084543.txt,Rex,189.591999356169,2025-10-26,Beat,Beat zone start,,1,2,13,184.191999099683,5.40000025648601,5.40000025648601,0.0
599,REX_20251026084543.txt,Rex,189.759999364149,2025-10-26,Beat,Beat tick,,1,2,13,184.191999099683,5.568000264466008,5.568000264466008,0.0
600,REX_20251026084543.txt,Rex,189.935999372508,2025-10-26,Beat,Beat zone end,,1,2,13,184.191999099683,5.744000272825019,5.744000272825019,0.0
601,REX_20251026084543.txt,Rex,189.975999374408,2025-10-26,Response,Safe,,1,2,13,184.191999099683,5.7840002747250026,5.7840002747250026,0.0
602,REX_20251026084543.txt,Rex,190.007999375928,2025-10-26,Beat,Beat safe window end,,1,2,13,184.191999099683,5.816000276245006,5.816000276245006,0.0
603,REX_20251026084543.txt,Rex,190.263999388088,2025-10-26,Beat,Beat safe window start,,1,2,13,184.191999099683,6.0720002884050075,6.0720002884050075,0.0
604,REX_20251026084543.txt,Rex,190.339999391697,2025-10-26,Beat,Beat zone start,,1,2,13,184.191999099683,6.148000292014018,6.148000292014018,0.0
605,REX_20251026084543.txt,Rex,190.431999396067,2025-10-26,Response,Hit,,1,2,13,184.191999099683,6.240000296384011,6.240000296384011,0.0
606,REX_20251026084543.txt,Rex,190.503999399487,2025-10-26,Beat,Beat tick,,1,2,13,184.191999099683,6.312000299803998,6.312000299803998,0.0
607,REX_20251026084543.txt,Rex,190.679999407846,2025-10-26,Beat,Beat zone end,,1,2,13,184.191999099683,6.488000308163009,6.488000308163009,0.0
608,REX_20251026084543.txt,Rex,190.755999411456,2025-10-26,Beat,Beat safe window end,,1,2,13,184.191999099683,6.564000311773015,6.564000311773015,0.0
609,REX_20251026084543.txt,Rex,191.007999423426,2025-10-26,Beat,Beat safe window start,,1,2,13,184.191999099683,6.816000323743026,6.816000323743026,0.0
610,REX_20251026084543.txt,Rex,191.083999427035,2025-10-26,Beat,Beat zone start,,1,2,13,184.191999099683,6.892000327352008,6.892000327352008,0.0
611,REX_20251026084543.txt,Rex,191.247999434825,2025-10-26,Beat,Beat tick,,1,2,13,184.191999099683,7.056000335142016,7.056000335142016,0.0
612,REX_20251026084543.txt,Rex,191.355999439955,2025-10-26,Response,Hit,,1,2,13,184.191999099683,7.164000340272025,7.164000340272025,0.0
613,REX_20251026084543.txt,Rex,191.355999439955,2025-10-26,Trial,Trial 14 ended,,1,2,13,184.191999099683,7.164000340272025,7.164000340272025,0.0
614,REX_20251026084543.txt,Rex,202.595999188721,2025-10-26,Trial,Trial 15 started,2025-10-26 08:49:11.038,1,2,14,202.595999188721,0.0,0.0,0.0
615,REX_20251026084543.txt,Rex,202.595999188721,2025-10-26,Trial Param,Level,1,1,2,14,202.595999188721,0.0,0.0,0.0
616,REX_20251026084543.txt,Rex,202.595999188721,2025-10-26,Trial Param,Wheel Tempo,0.0373,1,2,14,202.595999188721,0.0,0.0,0.0
617,REX_20251026084543.txt,Rex,202.595999188721,2025-10-26,Trial Param,Event List,"1, 1, 1, 1, 1, 1, 1, 1, 1, 1, 1, 1, 1, 1, 1, 1, 1, 1, 1, 1, 1, 1, 1, 1, 1, 1, 1, 1, 1, 1, 1, 1, 1, 1, 1, 1",1,2,14,202.595999188721,0.0,0.0,0.0
618,REX_20251026084543.txt,Rex,202.595999188721,2025-10-26,Trial Param,Max Beats,20,1,2,14,202.595999188721,0.0,0.0,0.0
619,REX_20251026084543.txt,Rex,202.595999188721,2025-10-26,Trial Param,Target Score,2,1,2,14,202.595999188721,0.0,0.0,0.0
620,REX_20251026084543.txt,Rex,202.595999188721,2025-10-26,Trial Param,Safe Zone Size,6,1,2,14,202.595999188721,0.0,0.0,0.0
621,REX_20251026084543.txt,Rex,202.595999188721,2025-10-26,Trial Param,Beat Zone Size,4,1,2,14,202.595999188721,0.0,0.0,0.0
622,REX_20251026084543.txt,Rex,202.811999198981,2025-10-26,Beat,Beat safe window start,,1,2,14,202.595999188721,0.2160000102599895,0.2160000102599895,0.0
623,REX_20251026084543.txt,Rex,202.88799920259,2025-10-26,Beat,Beat zone start,,1,2,14,202.595999188721,0.292000013869,0.292000013869,0.0
624,REX_20251026084543.txt,Rex,203.05199921038,2025-10-26,Beat,Beat tick,,1,2,14,202.595999188721,0.4560000216589799,0.4560000216589799,0.0
625,REX_20251026084543.txt,Rex,203.11999921361,2025-10-26,Response,Hit,,1,2,14,202.595999188721,0.5240000248889771,0.5240000248889771,0.0
626,REX_20251026084543.txt,Rex,203.22799921874,2025-10-26,Beat,Beat zone end,,1,2,14,202.595999188721,0.6320000300189861,0.6320000300189861,0.0
627,REX_20251026084543.txt,Rex,203.303999222349,2025-10-26,Beat,Beat safe window end,,1,2,14,202.595999188721,0.7080000336279966,0.7080000336279966,0.0
628,REX_20251026084543.txt,Rex,203.559999234509,2025-10-26,Beat,Beat safe window start,,1,2,14,202.595999188721,0.9640000457879978,0.9640000457879978,0.0
629,REX_20251026084543.txt,Rex,203.631999237929,2025-10-26,Beat,Beat zone start,,1,2,14,202.595999188721,1.0360000492079848,1.0360000492079848,0.0
630,REX_20251026084543.txt,Rex,203.719999242108,2025-10-26,Response,Hit,,1,2,14,202.595999188721,1.1240000533869932,1.1240000533869932,0.0
631,REX_20251026084543.txt,Rex,203.719999242108,2025-10-26,Trial,Trial 15 ended,,1,2,14,202.595999188721,1.1240000533869932,1.1240000533869932,0.0
632,REX_20251026084543.txt,Rex,213.879999015015,2025-10-26,Trial,Trial 16 started,2025-10-26 08:49:22.756,1,2,15,213.879999015015,0.0,0.0,0.0
633,REX_20251026084543.txt,Rex,213.879999015015,2025-10-26,Trial Param,Level,1,1,2,15,213.879999015015,0.0,0.0,0.0
634,REX_20251026084543.txt,Rex,213.879999015015,2025-10-26,Trial Param,Wheel Tempo,0.0373,1,2,15,213.879999015015,0.0,0.0,0.0
635,REX_20251026084543.txt,Rex,213.879999015015,2025-10-26,Trial Param,Event List,"1, 1, 1, 1, 1, 1, 1, 1, 1, 1, 1, 1, 1, 1, 1, 1, 1, 1, 1, 1, 1, 1, 1, 1, 1, 1, 1, 1, 1, 1, 1, 1, 1, 1, 1, 1",1,2,15,213.879999015015,0.0,0.0,0.0
636,REX_20251026084543.txt,Rex,213.879999015015,2025-10-26,Trial Param,Max Beats,20,1,2,15,213.879999015015,0.0,0.0,0.0
637,REX_20251026084543.txt,Rex,213.879999015015,2025-10-26,Trial Param,Target Score,2,1,2,15,213.879999015015,0.0,0.0,0.0
638,REX_20251026084543.txt,Rex,213.879999015015,2025-10-26,Trial Param,Safe Zone Size,6,1,2,15,213.879999015015,0.0,0.0,0.0
639,REX_20251026084543.txt,Rex,213.879999015015,2025-10-26,Trial Param,Beat Zone Size,4,1,2,15,213.879999015015,0.0,0.0,0.0
640,REX_20251026084543.txt,Rex,214.015999021474,2025-10-26,Beat,Beat safe window start,,1,2,15,213.879999015015,0.13600000645899968,0.13600000645899968,0.0
641,REX_20251026084543.txt,Rex,214.091999025084,2025-10-26,Beat,Beat zone start,,1,2,15,213.879999015015,0.21200001006900493,0.21200001006900493,0.0
642,REX_20251026084543.txt,Rex,214.255999032874,2025-10-26,Beat,Beat tick,,1,2,15,213.879999015015,0.37600001785901327,0.37600001785901327,0.0
643,REX_20251026084543.txt,Rex,214.431999041233,2025-10-26,Beat,Beat zone end,,1,2,15,213.879999015015,0.5520000262180247,0.5520000262180247,0.0
644,REX_20251026084543.txt,Rex,214.507999044843,2025-10-26,Beat,Beat safe window end,,1,2,15,213.879999015015,0.6280000298280015,0.6280000298280015,0.0
645,REX_20251026084543.txt,Rex,214.679999053013,2025-10-26,Response,Miss,,1,2,15,213.879999015015,0.8000000379980179,0.8000000379980179,0.0
646,REX_20251026084543.txt,Rex,214.759999056812,2025-10-26,Beat,Beat safe window start,,1,2,15,213.879999015015,0.8800000417970182,0.8800000417970182,0.0
647,REX_20251026084543.txt,Rex,214.835999060422,2025-10-26,Beat,Beat zone start,,1,2,15,213.879999015015,0.9560000454070234,0.9560000454070234,0.0
648,REX_20251026084543.txt,Rex,214.999999068212,2025-10-26,Beat,Beat tick,,1,2,15,213.879999015015,1.1200000531970034,1.1200000531970034,0.0
649,REX_20251026084543.txt,Rex,215.175999076571,2025-10-26,Beat,Beat zone end,,1,2,15,213.879999015015,1.2960000615560148,1.2960000615560148,0.0
650,REX_20251026084543.txt,Rex,215.251999080181,2025-10-26,Beat,Beat safe window end,,1,2,15,213.879999015015,1.37200006516602,1.37200006516602,0.0
651,REX_20251026084543.txt,Rex,215.339999084361,2025-10-26,Response,Miss,,1,2,15,213.879999015015,1.460000069346023,1.460000069346023,0.0
652,REX_20251026084543.txt,Rex,215.50399909215,2025-10-26,Beat,Beat safe window start,,1,2,15,213.879999015015,1.6240000771350083,1.6240000771350083,0.0
653,REX_20251026084543.txt,Rex,215.57999909576,2025-10-26,Beat,Beat zone start,,1,2,15,213.879999015015,1.7000000807450135,1.7000000807450135,0.0
654,REX_20251026084543.txt,Rex,215.7239991026,2025-10-26,Response,Hit,,1,2,15,213.879999015015,1.844000087585016,1.844000087585016,0.0
655,REX_20251026084543.txt,Rex,215.74399910355,2025-10-26,Beat,Beat tick,,1,2,15,213.879999015015,1.8640000885350219,1.8640000885350219,0.0
656,REX_20251026084543.txt,Rex,215.919999111909,2025-10-26,Beat,Beat zone end,,1,2,15,213.879999015015,2.040000096894005,2.040000096894005,0.0
657,REX_20251026084543.txt,Rex,215.995999115519,2025-10-26,Beat,Beat safe window end,,1,2,15,213.879999015015,2.11600010050401,2.11600010050401,0.0
658,REX_20251026084543.txt,Rex,216.239999127109,2025-10-26,Response,Miss,,1,2,15,213.879999015015,2.3600001120940135,2.3600001120940135,0.0
659,REX_20251026084543.txt,Rex,216.251999127679,2025-10-26,Beat,Beat safe window start,,1,2,15,213.879999015015,2.3720001126640113,2.3720001126640113,0.0
660,REX_20251026084543.txt,Rex,216.323999131098,2025-10-26,Beat,Beat zone start,,1,2,15,213.879999015015,2.4440001160830036,2.4440001160830036,0.0
661,REX_20251026084543.txt,Rex,216.491999139078,2025-10-26,Beat,Beat tick,,1,2,15,213.879999015015,2.6120001240630017,2.6120001240630017,0.0
662,REX_20251026084543.txt,Rex,216.575999143068,2025-10-26,Response,Hit,,1,2,15,213.879999015015,2.696000128053015,2.696000128053015,0.0
663,REX_20251026084543.txt,Rex,216.667999147438,2025-10-26,Beat,Beat zone end,,1,2,15,213.879999015015,2.788000132423008,2.788000132423008,0.0
664,REX_20251026084543.txt,Rex,216.739999150857,2025-10-26,Beat,Beat safe window end,,1,2,15,213.879999015015,2.860000135842,2.860000135842,0.0
665,REX_20251026084543.txt,Rex,216.995999163017,2025-10-26,Beat,Beat safe window start,,1,2,15,213.879999015015,3.1160001480020014,3.1160001480020014,0.0
666,REX_20251026084543.txt,Rex,217.067999166436,2025-10-26,Beat,Beat zone start,,1,2,15,213.879999015015,3.188000151421022,3.188000151421022,0.0
667,REX_20251026084543.txt,Rex,217.115999168716,2025-10-26,Response,Hit,,1,2,15,213.879999015015,3.2360001537010135,3.2360001537010135,0.0
668,REX_20251026084543.txt,Rex,217.115999168716,2025-10-26,Trial,Trial 16 ended,,1,2,15,213.879999015015,3.2360001537010135,3.2360001537010135,0.0
669,REX_20251026084543.txt,Rex,224.315999007784,2025-10-26,Trial,Trial 17 started,2025-10-26 08:49:34.457,1,2,16,224.315999007784,0.0,0.0,0.0
670,REX_20251026084543.txt,Rex,224.315999007784,2025-10-26,Trial Param,Level,1,1,2,16,224.315999007784,0.0,0.0,0.0
671,REX_20251026084543.txt,Rex,224.315999007784,2025-10-26,Trial Param,Wheel Tempo,0.0373,1,2,16,224.315999007784,0.0,0.0,0.0
672,REX_20251026084543.txt,Rex,224.315999007784,2025-10-26,Trial Param,Event List,"1, 1, 1, 1, 1, 1, 1, 1, 1, 1, 1, 1, 1, 1, 1, 1, 1, 1, 1, 1, 1, 1, 1, 1, 1, 1, 1, 1, 1, 1, 1, 1, 1, 1, 1, 1",1,2,16,224.315999007784,0.0,0.0,0.0
673,REX_20251026084543.txt,Rex,224.315999007784,2025-10-26,Trial Param,Max Beats,20,1,2,16,224.315999007784,0.0,0.0,0.0
674,REX_20251026084543.txt,Rex,224.315999007784,2025-10-26,Trial Param,Target Score,2,1,2,16,224.315999007784,0.0,0.0,0.0
675,REX_20251026084543.txt,Rex,224.315999007784,2025-10-26,Trial Param,Safe Zone Size,6,1,2,16,224.315999007784,0.0,0.0,0.0
676,REX_20251026084543.txt,Rex,224.315999007784,2025-10-26,Trial Param,Beat Zone Size,4,1,2,16,224.315999007784,0.0,0.0,0.0
677,REX_20251026084543.txt,Rex,224.327999008354,2025-10-26,Beat,Beat safe window start,,1,2,16,224.315999007784,0.012000000569997837,0.012000000569997837,0.0
678,REX_20251026084543.txt,Rex,224.403999011964,2025-10-26,Beat,Beat zone start,,1,2,16,224.315999007784,0.08800000418000309,0.08800000418000309,0.0
679,REX_20251026084543.txt,Rex,224.567999019753,2025-10-26,Beat,Beat tick,,1,2,16,224.315999007784,0.25200001196898825,0.25200001196898825,0.0
680,REX_20251026084543.txt,Rex,224.743999028113,2025-10-26,Beat,Beat zone end,,1,2,16,224.315999007784,0.4280000203289944,0.4280000203289944,0.0
681,REX_20251026084543.txt,Rex,224.763999029063,2025-10-26,Response,Safe,,1,2,16,224.315999007784,0.4480000212790003,0.4480000212790003,0.0
682,REX_20251026084543.txt,Rex,224.819999031723,2025-10-26,Beat,Beat safe window end,,1,2,16,224.315999007784,0.5040000239389997,0.5040000239389997,0.0
683,REX_20251026084543.txt,Rex,225.075999043882,2025-10-26,Beat,Beat safe window start,,1,2,16,224.315999007784,0.7600000360980061,0.7600000360980061,0.0
684,REX_20251026084543.txt,Rex,225.123999046162,2025-10-26,Response,Safe,,1,2,16,224.315999007784,0.8080000383779975,0.8080000383779975,0.0
685,REX_20251026084543.txt,Rex,225.147999047302,2025-10-26,Beat,Beat zone start,,1,2,16,224.315999007784,0.8320000395179932,0.8320000395179932,0.0
686,REX_20251026084543.txt,Rex,225.315999055281,2025-10-26,Beat,Beat tick,,1,2,16,224.315999007784,1.0000000474969966,1.0000000474969966,0.0
687,REX_20251026084543.txt,Rex,225.491999063641,2025-10-26,Beat,Beat zone end,,1,2,16,224.315999007784,1.1760000558570027,1.1760000558570027,0.0
688,REX_20251026084543.txt,Rex,225.563999067061,2025-10-26,Beat,Beat safe window end,,1,2,16,224.315999007784,1.2480000592769898,1.2480000592769898,0.0
689,REX_20251026084543.txt,Rex,225.77199907694,2025-10-26,Response,Miss,,1,2,16,224.315999007784,1.4560000691560049,1.4560000691560049,0.0
690,REX_20251026084543.txt,Rex,225.81999907922,2025-10-26,Beat,Beat safe window start,,1,2,16,224.315999007784,1.5040000714359962,1.5040000714359962,0.0
691,REX_20251026084543.txt,Rex,225.89199908264,2025-10-26,Beat,Beat zone start,,1,2,16,224.315999007784,1.5760000748560117,1.5760000748560117,0.0
692,REX_20251026084543.txt,Rex,226.059999090619,2025-10-26,Beat,Beat tick,,1,2,16,224.315999007784,1.7440000828349866,1.7440000828349866,0.0
693,REX_20251026084543.txt,Rex,226.107999092899,2025-10-26,Response,Hit,,1,2,16,224.315999007784,1.7920000851150064,1.7920000851150064,0.0
694,REX_20251026084543.txt,Rex,226.235999098979,2025-10-26,Beat,Beat zone end,,1,2,16,224.315999007784,1.9200000911949928,1.9200000911949928,0.0
695,REX_20251026084543.txt,Rex,226.307999102399,2025-10-26,Beat,Beat safe window end,,1,2,16,224.315999007784,1.9920000946150083,1.9920000946150083,0.0
696,REX_20251026084543.txt,Rex,226.563999114558,2025-10-26,Beat,Beat safe window start,,1,2,16,224.315999007784,2.2480001067739863,2.2480001067739863,0.0
697,REX_20251026084543.txt,Rex,226.639999118168,2025-10-26,Beat,Beat zone start,,1,2,16,224.315999007784,2.3240001103839916,2.3240001103839916,0.0
698,REX_20251026084543.txt,Rex,226.779999124818,2025-10-26,Response,Hit,,1,2,16,224.315999007784,2.4640001170340042,2.4640001170340042,0.0
699,REX_20251026084543.txt,Rex,226.779999124818,2025-10-26,Trial,Trial 17 ended,,1,2,16,224.315999007784,2.4640001170340042,2.4640001170340042,0.0
700,REX_20251026084543.txt,Rex,235.879998921417,2025-10-26,Trial,Trial 18 started,2025-10-26 08:49:46.958,1,2,17,235.879998921417,0.0,0.0,0.0
701,REX_20251026084543.txt,Rex,235.879998921417,2025-10-26,Trial Param,Level,1,1,2,17,235.879998921417,0.0,0.0,0.0
702,REX_20251026084543.txt,Rex,235.879998921417,2025-10-26,Trial Param,Wheel Tempo,0.0373,1,2,17,235.879998921417,0.0,0.0,0.0
703,REX_20251026084543.txt,Rex,235.879998921417,2025-10-26,Trial Param,Event List,"1, 1, 1, 1, 1, 1, 1, 1, 1, 1, 1, 1, 1, 1, 1, 1, 1, 1, 1, 1, 1, 1, 1, 1, 1, 1, 1, 1, 1, 1, 1, 1, 1, 1, 1, 1",1,2,17,235.879998921417,0.0,0.0,0.0
704,REX_20251026084543.txt,Rex,235.879998921417,2025-10-26,Trial Param,Max Beats,20,1,2,17,235.879998921417,0.0,0.0,0.0
705,REX_20251026084543.txt,Rex,235.879998921417,2025-10-26,Trial Param,Target Score,2,1,2,17,235.879998921417,0.0,0.0,0.0
706,REX_20251026084543.txt,Rex,235.879998921417,2025-10-26,Trial Param,Safe Zone Size,6,1,2,17,235.879998921417,0.0,0.0,0.0
707,REX_20251026084543.txt,Rex,235.879998921417,2025-10-26,Trial Param,Beat Zone Size,4,1,2,17,235.879998921417,0.0,0.0,0.0
708,REX_20251026084543.txt,Rex,235.883998921607,2025-10-26,Beat,Beat safe window start,,1,2,17,235.879998921417,0.004000000189989805,0.004000000189989805,0.0
709,REX_20251026084543.txt,Rex,235.939998924267,2025-10-26,Beat,Beat zone start,,1,2,17,235.879998921417,0.06000000284998919,0.06000000284998919,0.0
710,REX_20251026084543.txt,Rex,236.107998932246,2025-10-26,Beat,Beat tick,,1,2,17,235.879998921417,0.22800001082899257,0.22800001082899257,0.0
711,REX_20251026084543.txt,Rex,236.283998940606,2025-10-26,Beat,Beat zone end,,1,2,17,235.879998921417,0.40400001918899875,0.40400001918899875,0.0
712,REX_20251026084543.txt,Rex,236.355998944025,2025-10-26,Beat,Beat safe window end,,1,2,17,235.879998921417,0.476000022607991,0.476000022607991,0.0
713,REX_20251026084543.txt,Rex,236.431998947635,2025-10-26,Response,Miss,,1,2,17,235.879998921417,0.5520000262179963,0.5520000262179963,0.0
714,REX_20251026084543.txt,Rex,236.611998956185,2025-10-26,Beat,Beat safe window start,,1,2,17,235.879998921417,0.7320000347679922,0.7320000347679922,0.0
715,REX_20251026084543.txt,Rex,236.683998959605,2025-10-26,Beat,Beat zone start,,1,2,17,235.879998921417,0.8040000381879793,0.8040000381879793,0.0
716,REX_20251026084543.txt,Rex,236.779998964164,2025-10-26,Response,Hit,,1,2,17,235.879998921417,0.9000000427469956,0.9000000427469956,0.0
717,REX_20251026084543.txt,Rex,236.851998967584,2025-10-26,Beat,Beat tick,,1,2,17,235.879998921417,0.9720000461669827,0.9720000461669827,0.0
718,REX_20251026084543.txt,Rex,237.027998975944,2025-10-26,Beat,Beat zone end,,1,2,17,235.879998921417,1.1480000545269888,1.1480000545269888,0.0
719,REX_20251026084543.txt,Rex,237.079998978414,2025-10-26,Response,Miss (already hit),,1,2,17,235.879998921417,1.2000000569969984,1.2000000569969984,0.0
720,REX_20251026084543.txt,Rex,237.099998979364,2025-10-26,Beat,Beat safe window end,,1,2,17,235.879998921417,1.2200000579469759,1.2200000579469759,0.0
721,REX_20251026084543.txt,Rex,237.355998991523,2025-10-26,Beat,Beat safe window start,,1,2,17,235.879998921417,1.4760000701059823,1.4760000701059823,0.0
722,REX_20251026084543.txt,Rex,237.403998993803,2025-10-26,Response,Safe,,1,2,17,235.879998921417,1.5240000723859737,1.5240000723859737,0.0
723,REX_20251026084543.txt,Rex,237.431998995133,2025-10-26,Beat,Beat zone start,,1,2,17,235.879998921417,1.5520000737159876,1.5520000737159876,0.0
724,REX_20251026084543.txt,Rex,237.595999002922,2025-10-26,Beat,Beat tick,,1,2,17,235.879998921417,1.7160000815050012,1.7160000815050012,0.0
725,REX_20251026084543.txt,Rex,237.771999011282,2025-10-26,Beat,Beat zone end,,1,2,17,235.879998921417,1.892000089864979,1.892000089864979,0.0
726,REX_20251026084543.txt,Rex,237.775999011472,2025-10-26,Response,Miss (already hit),,1,2,17,235.879998921417,1.8960000900549971,1.8960000900549971,0.0
727,REX_20251026084543.txt,Rex,237.847999014892,2025-10-26,Beat,Beat safe window end,,1,2,17,235.879998921417,1.9680000934749842,1.9680000934749842,0.0
728,REX_20251026084543.txt,Rex,238.099999026861,2025-10-26,Beat,Beat safe window start,,1,2,17,235.879998921417,2.220000105444001,2.220000105444001,0.0
729,REX_20251026084543.txt,Rex,238.175999030471,2025-10-26,Beat,Beat zone start,,1,2,17,235.879998921417,2.2960001090539777,2.2960001090539777,0.0
730,REX_20251026084543.txt,Rex,238.207999031991,2025-10-26,Response,Hit,,1,2,17,235.879998921417,2.3280001105739814,2.3280001105739814,0.0
731,REX_20251026084543.txt,Rex,238.33999903826,2025-10-26,Beat,Beat tick,,1,2,17,235.879998921417,2.4600001168429912,2.4600001168429912,0.0
732,REX_20251026084543.txt,Rex,238.51599904662,2025-10-26,Beat,Beat zone end,,1,2,17,235.879998921417,2.6360001252029974,2.6360001252029974,0.0
733,REX_20251026084543.txt,Rex,238.59199905023,2025-10-26,Beat,Beat safe window end,,1,2,17,235.879998921417,2.7120001288129743,2.7120001288129743,0.0
734,REX_20251026084543.txt,Rex,238.843999062199,2025-10-26,Beat,Beat safe window start,,1,2,17,235.879998921417,2.964000140781991,2.964000140781991,0.0
735,REX_20251026084543.txt,Rex,238.879999063909,2025-10-26,Response,Safe,,1,2,17,235.879998921417,3.0000001424919844,3.0000001424919844,0.0
736,REX_20251026084543.txt,Rex,238.919999065809,2025-10-26,Beat,Beat zone start,,1,2,17,235.879998921417,3.040000144391996,3.040000144391996,0.0
737,REX_20251026084543.txt,Rex,239.083999073599,2025-10-26,Beat,Beat tick,,1,2,17,235.879998921417,3.204000152181976,3.204000152181976,0.0
738,REX_20251026084543.txt,Rex,239.251999081578,2025-10-26,Response,Miss (already hit),,1,2,17,235.879998921417,3.3720001601609795,3.3720001601609795,0.0
739,REX_20251026084543.txt,Rex,239.259999081958,2025-10-26,Beat,Beat zone end,,1,2,17,235.879998921417,3.3800001605409875,3.3800001605409875,0.0
740,REX_20251026084543.txt,Rex,239.335999085568,2025-10-26,Beat,Beat safe window end,,1,2,17,235.879998921417,3.4560001641509928,3.4560001641509928,0.0
741,REX_20251026084543.txt,Rex,239.591999097727,2025-10-26,Beat,Beat safe window start,,1,2,17,235.879998921417,3.7120001763099992,3.7120001763099992,0.0
742,REX_20251026084543.txt,Rex,239.663999101147,2025-10-26,Beat,Beat zone start,,1,2,17,235.879998921417,3.7840001797299863,3.7840001797299863,0.0
743,REX_20251026084543.txt,Rex,239.831999109127,2025-10-26,Beat,Beat tick,,1,2,17,235.879998921417,3.9520001877099844,3.9520001877099844,0.0
744,REX_20251026084543.txt,Rex,239.935999114066,2025-10-26,Response,Hit,,1,2,17,235.879998921417,4.05600019264898,4.05600019264898,0.0
745,REX_20251026084543.txt,Rex,240.007999117486,2025-10-26,Beat,Beat zone end,,1,2,17,235.879998921417,4.128000196068996,4.128000196068996,0.0
746,REX_20251026084543.txt,Rex,240.079999120906,2025-10-26,Beat,Beat safe window end,,1,2,17,235.879998921417,4.200000199488983,4.200000199488983,0.0
747,REX_20251026084543.txt,Rex,240.283999130595,2025-10-26,Response,Miss,,1,2,17,235.879998921417,4.40400020917798,4.40400020917798,0.0
748,REX_20251026084543.txt,Rex,240.335999133065,2025-10-26,Beat,Beat safe window start,,1,2,17,235.879998921417,4.456000211647989,4.456000211647989,0.0
749,REX_20251026084543.txt,Rex,240.407999136485,2025-10-26,Beat,Beat zone start,,1,2,17,235.879998921417,4.528000215067976,4.528000215067976,0.0
750,REX_20251026084543.txt,Rex,240.575999144465,2025-10-26,Beat,Beat tick,,1,2,17,235.879998921417,4.6960002230479745,4.6960002230479745,0.0
751,REX_20251026084543.txt,Rex,240.691999149974,2025-10-26,Response,Hit,,1,2,17,235.879998921417,4.812000228556997,4.812000228556997,0.0
752,REX_20251026084543.txt,Rex,240.751999152824,2025-10-26,Beat,Beat zone end,,1,2,17,235.879998921417,4.872000231406986,4.872000231406986,0.0
753,REX_20251026084543.txt,Rex,240.823999156244,2025-10-26,Beat,Beat safe window end,,1,2,17,235.879998921417,4.944000234827001,4.944000234827001,0.0
754,REX_20251026084543.txt,Rex,241.079999168403,2025-10-26,Beat,Beat safe window start,,1,2,17,235.879998921417,5.200000246985979,5.200000246985979,0.0
755,REX_20251026084543.txt,Rex,241.155999172013,2025-10-26,Beat,Beat zone start,,1,2,17,235.879998921417,5.276000250595985,5.276000250595985,0.0
756,REX_20251026084543.txt,Rex,241.195999173913,2025-10-26,Response,Hit,,1,2,17,235.879998921417,5.316000252495996,5.316000252495996,0.0
757,REX_20251026084543.txt,Rex,241.195999173913,2025-10-26,Trial,Trial 18 ended,,1,2,17,235.879998921417,5.316000252495996,5.316000252495996,0.0
758,REX_20251026084543.txt,Rex,248.715999005828,2025-10-26,Trial,Trial 19 started,2025-10-26 08:50:01.858,1,2,18,248.715999005828,0.0,0.0,0.0
759,REX_20251026084543.txt,Rex,248.715999005828,2025-10-26,Trial Param,Level,1,1,2,18,248.715999005828,0.0,0.0,0.0
760,REX_20251026084543.txt,Rex,248.715999005828,2025-10-26,Trial Param,Wheel Tempo,0.0373,1,2,18,248.715999005828,0.0,0.0,0.0
761,REX_20251026084543.txt,Rex,248.715999005828,2025-10-26,Trial Param,Event List,"1, 1, 1, 1, 1, 1, 1, 1, 1, 1, 1, 1, 1, 1, 1, 1, 1, 1, 1, 1, 1, 1, 1, 1, 1, 1, 1, 1, 1, 1, 1, 1, 1, 1, 1, 1",1,2,18,248.715999005828,0.0,0.0,0.0
762,REX_20251026084543.txt,Rex,248.715999005828,2025-10-26,Trial Param,Max Beats,20,1,2,18,248.715999005828,0.0,0.0,0.0
763,REX_20251026084543.txt,Rex,248.715999005828,2025-10-26,Trial Param,Target Score,2,1,2,18,248.715999005828,0.0,0.0,0.0
764,REX_20251026084543.txt,Rex,248.715999005828,2025-10-26,Trial Param,Safe Zone Size,6,1,2,18,248.715999005828,0.0,0.0,0.0
765,REX_20251026084543.txt,Rex,248.715999005828,2025-10-26,Trial Param,Beat Zone Size,4,1,2,18,248.715999005828,0.0,0.0,0.0
766,REX_20251026084543.txt,Rex,248.719999006018,2025-10-26,Beat,Beat safe window start,,1,2,18,248.715999005828,0.004000000190018227,0.004000000190018227,0.0
767,REX_20251026084543.txt,Rex,248.719999006018,2025-10-26,Beat,Beat zone start,,1,2,18,248.715999005828,0.004000000190018227,0.004000000190018227,0.0
768,REX_20251026084543.txt,Rex,248.815999010578,2025-10-26,Beat,Beat tick,,1,2,18,248.715999005828,0.10000000475000093,0.10000000475000093,0.0
769,REX_20251026084543.txt,Rex,248.991999018937,2025-10-26,Beat,Beat zone end,,1,2,18,248.715999005828,0.27600001310901234,0.27600001310901234,0.0
770,REX_20251026084543.txt,Rex,249.063999022357,2025-10-26,Beat,Beat safe window end,,1,2,18,248.715999005828,0.34800001652899937,0.34800001652899937,0.0
771,REX_20251026084543.txt,Rex,249.183999028057,2025-10-26,Response,Miss,,1,2,18,248.715999005828,0.46800002222900616,0.46800002222900616,0.0
772,REX_20251026084543.txt,Rex,249.319999034517,2025-10-26,Beat,Beat safe window start,,1,2,18,248.715999005828,0.6040000286890006,0.6040000286890006,0.0
773,REX_20251026084543.txt,Rex,249.395999038126,2025-10-26,Beat,Beat zone start,,1,2,18,248.715999005828,0.6800000322980111,0.6800000322980111,0.0
774,REX_20251026084543.txt,Rex,249.507999043446,2025-10-26,Response,Hit,,1,2,18,248.715999005828,0.7920000376180099,0.7920000376180099,0.0
775,REX_20251026084543.txt,Rex,249.559999045916,2025-10-26,Beat,Beat tick,,1,2,18,248.715999005828,0.844000040087991,0.844000040087991,0.0
776,REX_20251026084543.txt,Rex,249.735999054275,2025-10-26,Beat,Beat zone end,,1,2,18,248.715999005828,1.0200000484470024,1.0200000484470024,0.0
777,REX_20251026084543.txt,Rex,249.811999057885,2025-10-26,Beat,Beat safe window end,,1,2,18,248.715999005828,1.0960000520570077,1.0960000520570077,0.0
778,REX_20251026084543.txt,Rex,249.855999059975,2025-10-26,Response,Miss,,1,2,18,248.715999005828,1.1400000541470092,1.1400000541470092,0.0
779,REX_20251026084543.txt,Rex,250.063999069855,2025-10-26,Beat,Beat safe window start,,1,2,18,248.715999005828,1.3480000640269907,1.3480000640269907,0.0
780,REX_20251026084543.txt,Rex,250.139999073464,2025-10-26,Beat,Beat zone start,,1,2,18,248.715999005828,1.4240000676360012,1.4240000676360012,0.0
781,REX_20251026084543.txt,Rex,250.203999076504,2025-10-26,Response,Hit,,1,2,18,248.715999005828,1.4880000706760086,1.4880000706760086,0.0
782,REX_20251026084543.txt,Rex,250.303999081254,2025-10-26,Beat,Beat tick,,1,2,18,248.715999005828,1.5880000754260095,1.5880000754260095,0.0
783,REX_20251026084543.txt,Rex,250.479999089614,2025-10-26,Beat,Beat zone end,,1,2,18,248.715999005828,1.7640000837860157,1.7640000837860157,0.0
784,REX_20251026084543.txt,Rex,250.551999093033,2025-10-26,Response,Miss (already hit),,1,2,18,248.715999005828,1.836000087205008,1.836000087205008,0.0
785,REX_20251026084543.txt,Rex,250.555999093223,2025-10-26,Beat,Beat safe window end,,1,2,18,248.715999005828,1.8400000873949978,1.8400000873949978,0.0
786,REX_20251026084543.txt,Rex,250.807999105193,2025-10-26,Beat,Beat safe window start,,1,2,18,248.715999005828,2.092000099365009,2.092000099365009,0.0
787,REX_20251026084543.txt,Rex,250.883999108803,2025-10-26,Beat,Beat zone start,,1,2,18,248.715999005828,2.1680001029750144,2.1680001029750144,0.0
788,REX_20251026084543.txt,Rex,250.887999108993,2025-10-26,Response,Hit,,1,2,18,248.715999005828,2.1720001031650042,2.1720001031650042,0.0
789,REX_20251026084543.txt,Rex,251.047999116592,2025-10-26,Beat,Beat tick,,1,2,18,248.715999005828,2.3320001107639996,2.3320001107639996,0.0
790,REX_20251026084543.txt,Rex,251.223999124952,2025-10-26,Beat,Beat zone end,,1,2,18,248.715999005828,2.5080001191240058,2.5080001191240058,0.0
791,REX_20251026084543.txt,Rex,251.299999128561,2025-10-26,Beat,Beat safe window end,,1,2,18,248.715999005828,2.5840001227330163,2.5840001227330163,0.0
792,REX_20251026084543.txt,Rex,251.379999132361,2025-10-26,Response,Miss,,1,2,18,248.715999005828,2.6640001265330113,2.6640001265330113,0.0
793,REX_20251026084543.txt,Rex,251.555999140721,2025-10-26,Beat,Beat safe window start,,1,2,18,248.715999005828,2.8400001348930175,2.8400001348930175,0.0
794,REX_20251026084543.txt,Rex,251.627999144141,2025-10-26,Beat,Beat zone start,,1,2,18,248.715999005828,2.9120001383130045,2.9120001383130045,0.0
795,REX_20251026084543.txt,Rex,251.71599914832,2025-10-26,Response,Hit,,1,2,18,248.715999005828,3.000000142492013,3.000000142492013,0.0
796,REX_20251026084543.txt,Rex,251.79599915212,2025-10-26,Beat,Beat tick,,1,2,18,248.715999005828,3.080000146292008,3.080000146292008,0.0
797,REX_20251026084543.txt,Rex,251.97199916048,2025-10-26,Beat,Beat zone end,,1,2,18,248.715999005828,3.256000154652014,3.256000154652014,0.0
798,REX_20251026084543.txt,Rex,252.01599916257,2025-10-26,Response,Miss (already hit),,1,2,18,248.715999005828,3.3000001567420156,3.3000001567420156,0.0
799,REX_20251026084543.txt,Rex,252.0439991639,2025-10-26,Beat,Beat safe window end,,1,2,18,248.715999005828,3.328000158072001,3.328000158072001,0.0
800,REX_20251026084543.txt,Rex,252.299999176059,2025-10-26,Beat,Beat safe window start,,1,2,18,248.715999005828,3.5840001702310076,3.5840001702310076,0.0
801,REX_20251026084543.txt,Rex,252.371999179479,2025-10-26,Beat,Beat zone start,,1,2,18,248.715999005828,3.6560001736509946,3.6560001736509946,0.0
802,REX_20251026084543.txt,Rex,252.507999185938,2025-10-26,Response,Hit,,1,2,18,248.715999005828,3.7920001801099943,3.7920001801099943,0.0
803,REX_20251026084543.txt,Rex,252.539999187458,2025-10-26,Beat,Beat tick,,1,2,18,248.715999005828,3.824000181629998,3.824000181629998,0.0
804,REX_20251026084543.txt,Rex,252.715999195818,2025-10-26,Beat,Beat zone end,,1,2,18,248.715999005828,4.000000189990004,4.000000189990004,0.0
805,REX_20251026084543.txt,Rex,252.787999199238,2025-10-26,Beat,Beat safe window end,,1,2,18,248.715999005828,4.072000193409991,4.072000193409991,0.0
806,REX_20251026084543.txt,Rex,253.043999211397,2025-10-26,Beat,Beat safe window start,,1,2,18,248.715999005828,4.328000205568998,4.328000205568998,0.0
807,REX_20251026084543.txt,Rex,253.119999215007,2025-10-26,Beat,Beat zone start,,1,2,18,248.715999005828,4.404000209179003,4.404000209179003,0.0
808,REX_20251026084543.txt,Rex,253.119999215007,2025-10-26,Response,Hit,,1,2,18,248.715999005828,4.404000209179003,4.404000209179003,0.0
809,REX_20251026084543.txt,Rex,253.119999215007,2025-10-26,Trial,Trial 19 ended,,1,2,18,248.715999005828,4.404000209179003,4.404000209179003,0.0
810,REX_20251026084543.txt,Rex,259.119999080896,2025-10-26,Trial,Trial 20 started,2025-10-26 08:50:13.976,1,2,19,259.119999080896,0.0,0.0,0.0
811,REX_20251026084543.txt,Rex,259.119999080896,2025-10-26,Trial Param,Level,1,1,2,19,259.119999080896,0.0,0.0,0.0
812,REX_20251026084543.txt,Rex,259.119999080896,2025-10-26,Trial Param,Wheel Tempo,0.0373,1,2,19,259.119999080896,0.0,0.0,0.0
813,REX_20251026084543.txt,Rex,259.119999080896,2025-10-26,Trial Param,Event List,"1, 1, 1, 1, 1, 1, 1, 1, 1, 1, 1, 1, 1, 1, 1, 1, 1, 1, 1, 1, 1, 1, 1, 1, 1, 1, 1, 1, 1, 1, 1, 1, 1, 1, 1, 1",1,2,19,259.119999080896,0.0,0.0,0.0
814,REX_20251026084543.txt,Rex,259.119999080896,2025-10-26,Trial Param,Max Beats,20,1,2,19,259.119999080896,0.0,0.0,0.0
815,REX_20251026084543.txt,Rex,259.119999080896,2025-10-26,Trial Param,Target Score,2,1,2,19,259.119999080896,0.0,0.0,0.0
816,REX_20251026084543.txt,Rex,259.119999080896,2025-10-26,Trial Param,Safe Zone Size,6,1,2,19,259.119999080896,0.0,0.0,0.0
817,REX_20251026084543.txt,Rex,259.119999080896,2025-10-26,Trial Param,Beat Zone Size,4,1,2,19,259.119999080896,0.0,0.0,0.0
818,REX_20251026084543.txt,Rex,259.123999081086,2025-10-26,Beat,Beat safe window start,,1,2,19,259.119999080896,0.004000000190046649,0.004000000190046649,0.0
819,REX_20251026084543.txt,Rex,259.123999081086,2025-10-26,Beat,Beat zone start,,1,2,19,259.119999080896,0.004000000190046649,0.004000000190046649,0.0
820,REX_20251026084543.txt,Rex,259.227999086026,2025-10-26,Beat,Beat zone end,,1,2,19,259.119999080896,0.10800000513000896,0.10800000513000896,0.0
821,REX_20251026084543.txt,Rex,259.303999089636,2025-10-26,Beat,Beat safe window end,,1,2,19,259.119999080896,0.18400000874004263,0.18400000874004263,0.0
822,REX_20251026084543.txt,Rex,259.515999099705,2025-10-26,Response,Miss,,1,2,19,259.119999080896,0.39600001880904756,0.39600001880904756,0.0
823,REX_20251026084543.txt,Rex,259.555999101605,2025-10-26,Beat,Beat safe window start,,1,2,19,259.119999080896,0.43600002070900246,0.43600002070900246,0.0
824,REX_20251026084543.txt,Rex,259.631999105215,2025-10-26,Beat,Beat zone start,,1,2,19,259.119999080896,0.5120000243190361,0.5120000243190361,0.0
825,REX_20251026084543.txt,Rex,259.755999111105,2025-10-26,Response,Hit,,1,2,19,259.119999080896,0.6360000302090043,0.6360000302090043,0.0
826,REX_20251026084543.txt,Rex,259.795999113005,2025-10-26,Beat,Beat tick,,1,2,19,259.119999080896,0.676000032109016,0.676000032109016,0.0
827,REX_20251026084543.txt,Rex,259.971999121364,2025-10-26,Beat,Beat zone end,,1,2,19,259.119999080896,0.852000040467999,0.852000040467999,0.0
828,REX_20251026084543.txt,Rex,260.047999124974,2025-10-26,Beat,Beat safe window end,,1,2,19,259.119999080896,0.9280000440780327,0.9280000440780327,0.0
829,REX_20251026084543.txt,Rex,260.067999125924,2025-10-26,Response,Miss,,1,2,19,259.119999080896,0.9480000450280386,0.9480000450280386,0.0
830,REX_20251026084543.txt,Rex,260.299999136943,2025-10-26,Beat,Beat safe window start,,1,2,19,259.119999080896,1.1800000560469925,1.1800000560469925,0.0
831,REX_20251026084543.txt,Rex,260.375999140553,2025-10-26,Beat,Beat zone start,,1,2,19,259.119999080896,1.2560000596570262,1.2560000596570262,0.0
832,REX_20251026084543.txt,Rex,260.487999145873,2025-10-26,Response,Hit,,1,2,19,259.119999080896,1.368000064977025,1.368000064977025,0.0
833,REX_20251026084543.txt,Rex,260.539999148343,2025-10-26,Beat,Beat tick,,1,2,19,259.119999080896,1.4200000674470061,1.4200000674470061,0.0
834,REX_20251026084543.txt,Rex,260.715999156702,2025-10-26,Beat,Beat zone end,,1,2,19,259.119999080896,1.596000075806046,1.596000075806046,0.0
835,REX_20251026084543.txt,Rex,260.791999160312,2025-10-26,Beat,Beat safe window end,,1,2,19,259.119999080896,1.6720000794160228,1.6720000794160228,0.0
836,REX_20251026084543.txt,Rex,260.835999162402,2025-10-26,Response,Miss,,1,2,19,259.119999080896,1.7160000815060243,1.7160000815060243,0.0
837,REX_20251026084543.txt,Rex,261.047999172471,2025-10-26,Beat,Beat safe window start,,1,2,19,259.119999080896,1.9280000915750293,1.9280000915750293,0.0
838,REX_20251026084543.txt,Rex,261.119999175891,2025-10-26,Beat,Beat zone start,,1,2,19,259.119999080896,2.0000000949950163,2.0000000949950163,0.0
839,REX_20251026084543.txt,Rex,261.231999181211,2025-10-26,Response,Hit,,1,2,19,259.119999080896,2.112000100315015,2.112000100315015,0.0
840,REX_20251026084543.txt,Rex,261.287999183871,2025-10-26,Beat,Beat tick,,1,2,19,259.119999080896,2.168000102975043,2.168000102975043,0.0
841,REX_20251026084543.txt,Rex,261.46399919223,2025-10-26,Beat,Beat zone end,,1,2,19,259.119999080896,2.344000111334026,2.344000111334026,0.0
842,REX_20251026084543.txt,Rex,261.53599919565,2025-10-26,Beat,Beat safe window end,,1,2,19,259.119999080896,2.416000114754013,2.416000114754013,0.0
843,REX_20251026084543.txt,Rex,261.5559991966,2025-10-26,Response,Miss,,1,2,19,259.119999080896,2.4360001157040188,2.4360001157040188,0.0
844,REX_20251026084543.txt,Rex,261.79199920781,2025-10-26,Beat,Beat safe window start,,1,2,19,259.119999080896,2.6720001269140425,2.6720001269140425,0.0
845,REX_20251026084543.txt,Rex,261.863999211229,2025-10-26,Beat,Beat zone start,,1,2,19,259.119999080896,2.7440001303330064,2.7440001303330064,0.0
846,REX_20251026084543.txt,Rex,261.915999213699,2025-10-26,Response,Hit,,1,2,19,259.119999080896,2.7960001328030444,2.7960001328030444,0.0
847,REX_20251026084543.txt,Rex,262.031999219209,2025-10-26,Beat,Beat tick,,1,2,19,259.119999080896,2.912000138313033,2.912000138313033,0.0
848,REX_20251026084543.txt,Rex,262.207999227569,2025-10-26,Beat,Beat zone end,,1,2,19,259.119999080896,3.088000146673039,3.088000146673039,0.0
849,REX_20251026084543.txt,Rex,262.279999230988,2025-10-26,Beat,Beat safe window end,,1,2,19,259.119999080896,3.160000150092003,3.160000150092003,0.0
850,REX_20251026084543.txt,Rex,262.395999236498,2025-10-26,Response,Miss,,1,2,19,259.119999080896,3.2760001556020484,3.2760001556020484,0.0
851,REX_20251026084543.txt,Rex,262.535999243148,2025-10-26,Beat,Beat safe window start,,1,2,19,259.119999080896,3.4160001622520326,3.4160001622520326,0.0
852,REX_20251026084543.txt,Rex,262.611999246757,2025-10-26,Beat,Beat zone start,,1,2,19,259.119999080896,3.492000165861043,3.492000165861043,0.0
853,REX_20251026084543.txt,Rex,262.671999249607,2025-10-26,Response,Hit,,1,2,19,259.119999080896,3.552000168711004,3.552000168711004,0.0
854,REX_20251026084543.txt,Rex,262.775999254547,2025-10-26,Beat,Beat tick,,1,2,19,259.119999080896,3.656000173651023,3.656000173651023,0.0
855,REX_20251026084543.txt,Rex,262.951999262907,2025-10-26,Beat,Beat zone end,,1,2,19,259.119999080896,3.832000182011029,3.832000182011029,0.0
856,REX_20251026084543.txt,Rex,263.027999266516,2025-10-26,Beat,Beat safe window end,,1,2,19,259.119999080896,3.9080001856200397,3.9080001856200397,0.0
857,REX_20251026084543.txt,Rex,263.279999278486,2025-10-26,Beat,Beat safe window start,,1,2,19,259.119999080896,4.160000197590023,4.160000197590023,0.0
858,REX_20251026084543.txt,Rex,263.355999282096,2025-10-26,Beat,Beat zone start,,1,2,19,259.119999080896,4.2360002011999995,4.2360002011999995,0.0
859,REX_20251026084543.txt,Rex,263.415999284945,2025-10-26,Response,Hit,,1,2,19,259.119999080896,4.296000204048994,4.296000204048994,0.0
860,REX_20251026084543.txt,Rex,263.415999284945,2025-10-26,Trial,Trial 20 ended,,1,2,19,259.119999080896,4.296000204048994,4.296000204048994,0.0
